timestamp,error_x,error_y,integral_x,integral_y,vx,vy,drone_x,drone_y,tag_x,tag_y
4.20068,0.806596,0.5165,0.8,0.5165,-0.645277,-0.4132,3.33073,1.49279,2.52413,0.976295
4.22079,0.81401,0.51875,0.8,0.8,-0.651208,-0.415,3.33071,1.48984,2.5167,0.971094
4.2407,0.813876,0.514582,0.8,0.8,-0.651101,-0.411665,3.33057,1.48568,2.5167,0.971094
4.26076,0.813535,0.510083,0.8,0.8,-0.650828,-0.408066,3.33023,1.48118,2.5167,0.971094
4.28074,0.840426,0.532908,0.8,0.8,-0.672341,-0.426327,3.32961,1.47787,2.48919,0.944963
4.30142,0.793422,0.514175,0.8,0.8,-0.634738,-0.41134,3.32925,1.47619,2.53583,0.962013
4.32079,0.792678,0.510826,0.8,0.8,-0.634143,-0.408661,3.3285,1.47284,2.53583,0.962013
4.34073,0.791384,0.505661,0.8,0.8,-0.633108,-0.404529,3.32721,1.46767,2.53583,0.962013
4.36074,0.650198,0.435719,0.8,0.8,-0.520159,-0.348575,3.32627,1.46444,2.67607,1.02872
4.3807,0.64806,0.430684,0.8,0.8,-0.518448,-0.344547,3.32413,1.4594,2.67607,1.02872
4.40075,0.647024,0.428866,0.8,0.8,-0.517619,-0.343092,3.3231,1.45758,2.67607,1.02872
4.42235,0.500539,0.363915,0.8,0.8,-0.400432,-0.291132,3.32009,1.45259,2.81955,1.08868
4.44066,0.497114,0.358737,0.8,0.8,-0.397691,-0.286989,3.31667,1.44741,2.81955,1.08868
4.46318,0.497102,0.357439,0.8,0.8,-0.397682,-0.285951,3.31433,1.44415,2.81723,1.08671
4.48071,0.494432,0.35406,0.8,0.8,-0.395545,-0.283248,3.31166,1.44077,2.81723,1.08671
4.50075,0.511421,0.340582,0.8,0.8,-0.409137,-0.272465,3.30891,1.43747,2.79749,1.09689
4.52088,0.507657,0.336863,0.8,0.8,-0.406126,-0.26949,3.30514,1.43375,2.79749,1.09689
4.54067,0.50222,0.331683,0.8,0.8,-0.401776,-0.265347,3.29971,1.42857,2.79749,1.09689
4.56067,0.533192,0.315517,0.8,0.8,-0.426554,-0.252413,3.29557,1.42481,2.76238,1.1093
4.58079,0.531216,0.313758,0.8,0.8,-0.424973,-0.251006,3.2936,1.42306,2.76238,1.1093
4.60069,0.608917,0.319175,0.8,0.8,-0.487133,-0.25534,3.28722,1.41786,2.67831,1.09868
4.62105,0.658993,0.307861,0.8,0.8,-0.527194,-0.246288,3.28017,1.41198,2.62118,1.10412
4.64065,0.654376,0.303403,0.8,0.8,-0.523501,-0.242722,3.27556,1.40753,2.62118,1.10412
4.66209,0.733165,0.311228,0.8,0.8,-0.586532,-0.248982,3.27096,1.40315,2.53779,1.09193
4.68678,0.733165,0.311228,0.8,0.8,-0.586532,-0.248982,3.27096,1.40315,2.53779,1.09193
4.70068,0.814474,0.326104,0.8,0.8,-0.651579,-0.260883,3.2609,1.39432,2.44642,1.06822
4.72067,0.806771,0.319746,0.8,0.8,-0.645417,-0.255797,3.25319,1.38796,2.44642,1.06822
4.74095,0.804105,0.317658,0.8,0.8,-0.643284,-0.254126,3.25053,1.38587,2.44642,1.06822
4.76076,1.00383,0.393181,0.8,0.8,-0.8,-0.314545,3.24463,1.38145,2.2408,0.988269
4.7807,0.996521,0.386166,0.8,0.8,-0.797217,-0.308933,3.23732,1.37444,2.2408,0.988269
4.80067,0.988389,0.37896,0.8,0.8,-0.790711,-0.303168,3.22919,1.36723,2.2408,0.988269
4.82076,0.982999,0.374337,0.8,0.8,-0.786399,-0.29947,3.2238,1.36261,2.2408,0.988269
4.8413,0.977619,0.369827,0.8,0.8,-0.782095,-0.295862,3.21842,1.3581,2.2408,0.988269
4.86285,0.977619,0.369827,0.8,0.8,-0.782095,-0.295862,3.21842,1.3581,2.2408,0.988269
4.88167,0.965389,0.360624,0.8,0.8,-0.772311,-0.288499,3.20619,1.34889,2.2408,0.988269
4.90077,0.959629,0.355242,0.8,0.8,-0.767703,-0.284194,3.20043,1.34351,2.2408,0.988269
4.92083,0.950119,0.347027,0.8,0.8,-0.760096,-0.277621,3.19092,1.3353,2.2408,0.988269
4.95121,0.946967,0.344404,0.8,0.8,-0.757574,-0.275523,3.18776,1.33267,2.2408,0.988269
4.96076,0.937321,0.336533,0.8,0.8,-0.749857,-0.269226,3.17812,1.3248,2.2408,0.988269
4.99444,0.933971,0.33394,0.8,0.8,-0.747177,-0.267152,3.17477,1.32221,2.2408,0.988269
5.00181,0.841947,0.300998,0.8,0.8,-0.673557,-0.240799,3.16036,1.31146,2.31842,1.01046
5.02107,0.834829,0.295791,0.8,0.8,-0.667863,-0.236633,3.15324,1.30625,2.31842,1.01046
5.04077,0.831164,0.293165,0.8,0.8,-0.664931,-0.234532,3.14958,1.30363,2.31842,1.01046
5.06067,0.819096,0.284676,0.8,0.8,-0.655277,-0.227741,3.13751,1.29514,2.31842,1.01046
5.08229,0.808574,0.295265,0.8,0.8,-0.646859,-0.236212,3.12976,1.2896,2.32119,0.994339
5.10084,0.79582,0.286674,0.8,0.8,-0.636656,-0.229339,3.11701,1.28101,2.32119,0.994339
5.12279,0.787521,0.28121,0.8,0.8,-0.630017,-0.224968,3.10871,1.27555,2.32119,0.994339
5.14073,0.711541,0.275509,0.8,0.8,-0.569233,-0.220408,3.09983,1.26933,2.38829,0.993821
5.16076,0.701761,0.269016,0.8,0.8,-0.561409,-0.215213,3.09005,1.26284,2.38829,0.993821
5.18374,0.692603,0.262898,0.8,0.8,-0.554082,-0.210318,3.08089,1.25672,2.38829,0.993821
5.20076,0.772616,0.30342,0.8,0.8,-0.618093,-0.242736,3.06706,1.24766,2.29444,0.944238
5.22076,0.767118,0.300099,0.8,0.8,-0.613694,-0.240079,3.06156,1.24434,2.29444,0.944238
5.24287,0.762413,0.297132,0.8,0.8,-0.60993,-0.237705,3.05686,1.24137,2.29444,0.944238
5.26158,0.803984,0.319671,0.8,0.8,-0.643187,-0.255736,3.03788,1.22957,2.2339,0.9099
5.29539,0.783386,0.30682,0.8,0.8,-0.626709,-0.245456,3.01728,1.21672,2.2339,0.9099
5.30118,0.877889,0.357608,0.8,0.8,-0.702311,-0.286086,3.01242,1.21375,2.13453,0.856138
5.32074,0.873007,0.354641,0.8,0.8,-0.698405,-0.283713,3.00753,1.21078,2.13453,0.856138
5.34073,0.900125,0.380546,0.8,0.8,-0.7201,-0.304437,2.99306,1.20205,2.09293,0.821507
5.36067,0.884771,0.371593,0.8,0.8,-0.707817,-0.297274,2.9777,1.1931,2.09293,0.821507
5.38068,0.874837,0.366413,0.8,0.8,-0.699869,-0.29313,2.96777,1.18792,2.09293,0.821507
5.40179,0.880933,0.375361,0.8,0.8,-0.704746,-0.300289,2.96274,1.18554,2.08181,0.810184
5.42066,0.864976,0.367962,0.8,0.8,-0.691981,-0.294369,2.94678,1.17815,2.08181,0.810184
5.44588,0.856844,0.362692,0.8,0.8,-0.685475,-0.290154,2.93168,1.17112,2.07483,0.808424
5.461,0.851741,0.360401,0.8,0.8,-0.681393,-0.288321,2.92657,1.16883,2.07483,0.808424
5.4808,0.835593,0.353076,0.8,0.8,-0.668474,-0.282461,2.91043,1.1615,2.07483,0.808424
5.50103,0.804555,0.339485,0.8,0.8,-0.643644,-0.271588,2.90533,1.15918,2.10077,0.819699
5.52558,0.789211,0.331263,0.8,0.8,-0.631369,-0.26501,2.88998,1.15096,2.10077,0.819699
5.54076,0.772859,0.322177,0.8,0.8,-0.618287,-0.257742,2.87363,1.14188,2.10077,0.819699
5.56159,0.762499,0.316529,0.8,0.8,-0.609999,-0.253224,2.86327,1.13623,2.10077,0.819699
5.58076,0.757332,0.313663,0.8,0.8,-0.605865,-0.25093,2.8581,1.13336,2.10077,0.819699
5.60072,0.740763,0.304817,0.8,0.8,-0.592611,-0.243854,2.84153,1.12452,2.10077,0.819699
5.62071,0.662807,0.264746,0.8,0.8,-0.530246,-0.211797,2.83098,1.11883,2.16817,0.854085
5.64068,0.647236,0.255021,0.8,0.8,-0.517789,-0.204017,2.8154,1.10911,2.16817,0.854085
5.66071,0.635967,0.247722,0.8,0.8,-0.508773,-0.198177,2.80414,1.10181,2.16817,0.854085
5.68083,0.60277,0.229944,0.8,0.8,-0.482216,-0.183955,2.79888,1.0984,2.19611,0.868453
5.70074,0.587103,0.219722,0.8,0.8,-0.469682,-0.175778,2.78321,1.08818,2.19611,0.868453
5.72089,0.575756,0.212581,0.8,0.8,-0.460605,-0.170065,2.77187,1.08103,2.19611,0.868453
5.74068,0.582125,0.219846,0.8,0.8,-0.4657,-0.175877,2.75613,1.07107,2.17401,0.851219
5.7607,0.571594,0.213033,0.8,0.8,-0.457275,-0.170426,2.7456,1.06425,2.17401,0.851219
5.78067,0.560095,0.205635,0.8,0.8,-0.448076,-0.164508,2.73411,1.05685,2.17401,0.851219
5.80226,0.575103,0.227605,0.8,0.8,-0.460083,-0.182084,2.72342,1.04987,2.14832,0.822269
5.82073,0.54362,0.211568,0.8,0.8,-0.434896,-0.169254,2.70661,1.03905,2.16299,0.827484
5.84275,0.533018,0.204769,0.8,0.8,-0.426414,-0.163815,2.69601,1.03225,2.16299,0.827484
5.86084,0.527782,0.201416,0.8,0.8,-0.422226,-0.161133,2.69078,1.0289,2.16299,0.827484
5.88076,0.449686,0.174991,0.8,0.8,-0.359749,-0.139993,2.67491,1.019,2.22522,0.844013
5.90073,0.433171,0.163917,0.8,0.8,-0.346537,-0.131134,2.65839,1.00793,2.22522,0.844013
5.92073,0.42289,0.156915,0.8,0.8,-0.338312,-0.125532,2.64811,1.00093,2.22522,0.844013
5.94074,0.411747,0.149735,0.8,0.8,-0.329398,-0.119788,2.63697,0.993747,2.22522,0.844013
5.96072,0.476476,0.204973,0.8,0.8,-0.38118,-0.163978,2.63184,0.99038,2.15536,0.785408
5.9811,0.46131,0.195134,0.8,0.8,-0.369048,-0.156107,2.61667,0.980542,2.15536,0.785408
6.00069,0.40574,0.167854,0.8,0.8,-0.324592,-0.134283,2.60069,0.970608,2.19495,0.802754
6.02069,0.395791,0.16178,0.8,0.8,-0.316633,-0.129424,2.59074,0.964534,2.19495,0.802754
6.04072,0.380175,0.159946,0.8,0.8,-0.30414,-0.127957,2.58059,0.958627,2.20042,0.798681
6.06069,0.369154,0.153951,0.8,0.8,-0.295323,-0.123161,2.56957,0.952632,2.20042,0.798681
6.08083,0.307322,0.114506,0.8,0.8,-0.245858,-0.0916047,2.55949,0.947236,2.25217,0.83273
6.10073,0.292256,0.106556,0.8,0.8,-0.233805,-0.0852445,2.54442,0.939286,2.25217,0.83273
6.12069,0.281588,0.101146,0.8,0.8,-0.225271,-0.0809169,2.53376,0.933876,2.25217,0.83273
6.14079,0.265511,0.0813378,0.8,0.8,-0.212409,-0.0650703,2.52328,0.927945,2.25777,0.846607
6.16072,0.255234,0.0756349,0.8,0.8,-0.204187,-0.0605079,2.513,0.922242,2.25777,0.846607
6.18075,0.24431,0.0698143,0.8,0.8,-0.195448,-0.0558515,2.50208,0.916422,2.25777,0.846607
6.20068,0.229358,0.0618579,0.8,0.8,-0.183487,-0.0494863,2.48713,0.908465,2.25777,0.846607
6.22074,0.198984,0.0274883,0.8,0.8,-0.159187,-0.0219907,2.47731,0.903408,2.27833,0.87592
6.24068,0.188491,0.0222608,0.8,0.8,-0.150793,-0.0178087,2.46682,0.89818,2.27833,0.87592
6.26075,0.178998,0.0161776,0.8,0.8,-0.143199,-0.0129421,2.45733,0.892097,2.27833,0.87592
6.28072,0.139072,-0.0109281,0.8,0.789072,-0.111257,0.00874251,2.44336,0.881155,2.30429,0.892083
6.30096,0.117748,-0.0269824,0.8,0.762089,-0.0941987,0.0215859,2.43355,0.873933,2.31581,0.900916
6.32072,0.108847,-0.0336999,0.8,0.72839,-0.0870775,0.0269599,2.42465,0.867216,2.31581,0.900916
6.34071,0.0811347,-0.0536834,0.8,0.674706,-0.0649078,0.0429467,2.4159,0.860839,2.33477,0.914523
6.36073,0.0676636,-0.0631729,0.8,0.611533,-0.0541309,0.0505383,2.40243,0.85135,2.33477,0.914523
6.38186,0.0522627,-0.0674328,0.8,0.5441,-0.0418101,0.0539462,2.39383,0.845978,2.34157,0.91341
6.40071,0.04365,-0.0721906,0.8,0.47191,-0.03492,0.0577525,2.38522,0.84122,2.34157,0.91341
6.4207,0.0282577,-0.078087,0.8,0.393823,-0.0226061,0.0624696,2.38092,0.838914,2.35266,0.917001
6.44071,0.0148955,-0.0850155,0.8,0.308807,-0.0119164,0.0680124,2.36756,0.831986,2.35266,0.917001
6.46069,-0.0268077,-0.103498,0.773192,0.205309,0.0214462,0.0827983,2.35567,0.825494,2.38248,0.928992
6.48087,-0.0471774,-0.105413,0.726015,0.0998967,0.0377419,0.0843301,2.34799,0.821315,2.39517,0.926728
6.50147,-0.0552992,-0.109535,0.670716,-0.00963809,0.0442393,0.0876278,2.33987,0.817193,2.39517,0.926728
6.52062,-0.0630225,-0.113408,0.607693,-0.123046,0.050418,0.0907266,2.33214,0.81332,2.39517,0.926728
6.54072,-0.0851118,-0.10602,0.522581,-0.229067,0.0680894,0.0848163,2.32107,0.807835,2.40618,0.913856
6.56207,-0.0892517,-0.107855,0.43333,-0.336922,0.0714013,0.0862843,2.31693,0.806,2.40618,0.913856
6.58084,-0.0996925,-0.112767,0.333637,-0.449689,0.079754,0.0902137,2.30649,0.801089,2.40618,0.913856
6.60303,-0.15413,-0.112342,0.179507,-0.562031,0.123304,0.0898734,2.30314,0.799603,2.45727,0.911944
6.62073,-0.164547,-0.116754,0.0149605,-0.678784,0.131637,0.0934029,2.29272,0.795191,2.45727,0.911944
6.64074,-0.216836,-0.130345,-0.201876,-0.8,0.173469,0.104276,2.2825,0.791505,2.49934,0.92185
6.6617,-0.223688,-0.132599,-0.425564,-0.8,0.17895,0.106079,2.27565,0.789251,2.49934,0.92185
6.68096,-0.236107,-0.13755,-0.66167,-0.8,0.188886,0.11004,2.27186,0.788064,2.50797,0.925615
6.70087,-0.245748,-0.140511,-0.8,-0.8,0.196598,0.112409,2.26222,0.785104,2.50797,0.925615
6.72071,-0.261983,-0.151419,-0.8,-0.8,0.209587,0.121136,2.25613,0.783417,2.51811,0.934836
6.74068,-0.271072,-0.15383,-0.8,-0.8,0.216858,0.123064,2.24704,0.781006,2.51811,0.934836
6.76072,-0.276892,-0.154797,-0.8,-0.8,0.221514,0.123838,2.24122,0.780039,2.51811,0.934836
6.78079,-0.281008,-0.165325,-0.8,-0.8,0.224807,0.13226,2.2383,0.779764,2.51931,0.945089
6.80102,-0.289721,-0.166058,-0.8,-0.8,0.231777,0.132846,2.22958,0.779031,2.51931,0.945089
6.8208,-0.326974,-0.193833,-0.8,-0.8,0.261579,0.155066,2.22422,0.778736,2.55119,0.972569
6.84074,-0.334418,-0.193957,-0.8,-0.8,0.267535,0.155166,2.21677,0.778612,2.55119,0.972569
6.86274,-0.34524,-0.205579,-0.8,-0.8,0.276192,0.164463,2.21183,0.77862,2.55707,0.984199
6.88071,-0.349697,-0.205501,-0.8,-0.8,0.279758,0.164401,2.20737,0.778698,2.55707,0.984199
6.90086,-0.353348,-0.207116,-0.8,-0.8,0.282679,0.165693,2.20372,0.777083,2.55707,0.984199
6.92076,-0.366899,-0.225244,-0.8,-0.8,0.293519,0.180195,2.19843,0.774986,2.56533,1.00023
6.94189,-0.368473,-0.225822,-0.8,-0.8,0.294778,0.180657,2.19685,0.774409,2.56533,1.00023
6.98731,-0.374366,-0.236571,-0.8,-0.8,0.299493,0.189257,2.19393,0.773354,2.56829,1.00992
7.0064,-0.398342,-0.249152,-0.8,-0.8,0.318674,0.199321,2.18726,0.771198,2.58561,1.02035
7.02434,-0.400459,-0.249826,-0.8,-0.8,0.320367,0.199861,2.18515,0.770523,2.58561,1.02035
7.04084,-0.402513,-0.250335,-0.8,-0.8,0.32201,0.200268,2.18309,0.770014,2.58561,1.02035
7.06913,-0.403758,-0.251012,-0.8,-0.8,0.323007,0.20081,2.18185,0.769337,2.58561,1.02035
7.08107,-0.460637,-0.270074,-0.8,-0.8,0.368509,0.216059,2.17755,0.766889,2.63819,1.03696
7.10072,-0.463236,-0.271588,-0.8,-0.8,0.370588,0.21727,2.17495,0.765375,2.63819,1.03696
7.12086,-0.498753,-0.27062,-0.8,-0.8,0.399002,0.216496,2.17359,0.764524,2.67234,1.03514
7.1407,-0.499533,-0.270849,-0.8,-0.8,0.399626,0.21668,2.17281,0.764294,2.67234,1.03514
7.16145,-0.519332,-0.26851,-0.8,-0.8,0.415465,0.214808,2.17103,0.763831,2.69036,1.03234
7.18077,-0.520541,-0.268833,-0.8,-0.8,0.416433,0.215067,2.16982,0.763508,2.69036,1.03234
7.20071,-0.520957,-0.268892,-0.8,-0.8,0.416766,0.215114,2.1694,0.76345,2.69036,1.03234
7.22767,-0.551545,-0.267888,-0.8,-0.8,0.441236,0.214311,2.16919,0.763469,2.72074,1.03136
7.24167,-0.554478,-0.260757,-0.8,-0.8,0.443583,0.208605,2.16919,0.763469,2.72367,1.02423
7.26175,-0.554437,-0.260679,-0.8,-0.8,0.44355,0.208543,2.16923,0.763547,2.72367,1.02423
7.31165,-0.554686,-0.258335,-0.8,-0.8,0.443749,0.206668,2.16898,0.765891,2.72367,1.02423
7.32075,-0.569721,-0.247922,-0.8,-0.8,0.455777,0.198338,2.16975,0.76984,2.73947,1.01776
7.34072,-0.587583,-0.254157,-0.8,-0.8,0.470067,0.203326,2.1704,0.771412,2.75798,1.02557
7.36666,-0.587079,-0.253339,-0.8,-0.8,0.469663,0.202671,2.17091,0.772231,2.75798,1.02557
7.38135,-0.585437,-0.250801,-0.8,-0.8,0.46835,0.200641,2.17255,0.774768,2.75798,1.02557
7.40099,-0.58364,-0.247872,-0.8,-0.8,0.466912,0.198297,2.17434,0.777698,2.75798,1.02557
7.42228,-0.590021,-0.256876,-0.8,-0.8,0.472017,0.2055,2.17507,0.778643,2.76509,1.03552
7.44075,-0.587329,-0.253873,-0.8,-0.8,0.469863,0.203098,2.17776,0.781646,2.76509,1.03552
7.4608,-0.584872,-0.251253,-0.8,-0.8,0.467898,0.201003,2.17971,0.783645,2.76458,1.0349
7.48069,-0.581539,-0.248283,-0.8,-0.8,0.465232,0.198626,2.18304,0.786616,2.76458,1.0349
7.50077,-0.585596,-0.257314,-0.8,-0.8,0.468477,0.205851,2.18564,0.788814,2.77124,1.04613
7.52252,-0.583311,-0.255287,-0.8,-0.8,0.466649,0.20423,2.18793,0.790841,2.77124,1.04613
7.54076,-0.580779,-0.253154,-0.8,-0.8,0.464623,0.202523,2.19046,0.792975,2.77124,1.04613
7.56081,-0.594818,-0.254583,-0.8,-0.8,0.475855,0.203666,2.19328,0.795052,2.7881,1.04963
7.58075,-0.589875,-0.251246,-0.8,-0.8,0.4719,0.200996,2.19822,0.798389,2.7881,1.04963
7.60081,-0.588333,-0.250235,-0.8,-0.8,0.470666,0.200188,2.19976,0.7994,2.7881,1.04963
7.6224,-0.60623,-0.252863,-0.8,-0.8,0.484984,0.20229,2.20555,0.802212,2.81178,1.05507
7.64082,-0.602462,-0.25038,-0.8,-0.8,0.48197,0.200304,2.20932,0.804695,2.81178,1.05507
7.66077,-0.596467,-0.245807,-0.8,-0.8,0.477173,0.196645,2.21531,0.809268,2.81178,1.05507
7.68063,-0.63245,-0.250843,-0.8,-0.8,0.50596,0.200674,2.21933,0.812222,2.85178,1.06307
7.70077,-0.630389,-0.249395,-0.8,-0.8,0.504312,0.199516,2.22139,0.81367,2.85178,1.06307
7.72074,-0.623357,-0.24481,-0.8,-0.8,0.498685,0.195848,2.22843,0.818255,2.85178,1.06307
7.74074,-0.641555,-0.237332,-0.8,-0.8,0.513244,0.189865,2.23545,0.822711,2.87701,1.06004
7.76074,-0.636707,-0.234284,-0.8,-0.8,0.509366,0.187427,2.2403,0.82576,2.87701,1.06004
7.78072,-0.644605,-0.235877,-0.8,-0.8,0.515684,0.188702,2.24286,0.827374,2.88747,1.06325
7.80068,-0.636226,-0.230974,-0.8,-0.8,0.508981,0.18478,2.25124,0.832277,2.88747,1.06325
7.82207,-0.630752,-0.227763,-0.8,-0.8,0.504602,0.182211,2.25671,0.835488,2.88747,1.06325
7.84191,-0.624622,-0.224428,-0.8,-0.8,0.499698,0.179543,2.26284,0.838823,2.88747,1.06325
7.86077,-0.633445,-0.223375,-0.8,-0.8,0.506756,0.1787,2.27146,0.843546,2.90491,1.06692
7.88188,-0.630439,-0.221786,-0.8,-0.8,0.504351,0.177429,2.27447,0.845135,2.90491,1.06692
7.90197,-0.615947,-0.220957,-0.8,-0.8,0.492757,0.176765,2.28333,0.848941,2.89928,1.0699
7.92079,-0.607365,-0.217302,-0.8,-0.8,0.485892,0.173842,2.29191,0.852596,2.89928,1.0699
7.94136,-0.608885,-0.219104,-0.8,-0.8,0.487108,0.175283,2.29787,0.855037,2.90676,1.07414
7.96085,-0.572712,-0.203948,-0.8,-0.8,0.458169,0.163159,2.30148,0.856404,2.87419,1.06035
7.98075,-0.566544,-0.201518,-0.8,-0.8,0.453235,0.161214,2.30765,0.858834,2.87419,1.06035
8.02125,-0.556991,-0.197805,-0.8,-0.8,0.445592,0.158244,2.3172,0.862547,2.87419,1.06035
8.04203,-0.541862,-0.192646,-0.8,-0.8,0.43349,0.154117,2.33354,0.869695,2.8754,1.06234
8.06117,-0.549872,-0.197765,-0.8,-0.8,0.439898,0.158212,2.33648,0.871297,2.88635,1.06906
8.08079,-0.540012,-0.192728,-0.8,-0.8,0.43201,0.154183,2.34634,0.876334,2.88635,1.06906
8.14657,-0.544879,-0.193118,-0.8,-0.8,0.435904,0.154495,2.34948,0.877914,2.89436,1.07103
8.16195,-0.508643,-0.175694,-0.8,-0.8,0.406914,0.140555,2.36882,0.888547,2.87747,1.06424
8.18229,-0.499506,-0.169491,-0.8,-0.8,0.399605,0.135593,2.37796,0.89475,2.87747,1.06424
8.20233,-0.499506,-0.169491,-0.8,-0.8,0.399605,0.135593,2.37796,0.89475,2.87747,1.06424
8.22182,-0.525109,-0.173429,-0.8,-0.8,0.420088,0.138743,2.39104,0.903009,2.91615,1.07644
8.24374,-0.541523,-0.173778,-0.8,-0.8,0.433218,0.139023,2.40076,0.908936,2.94228,1.08271
8.26085,-0.5382,-0.171785,-0.8,-0.8,0.43056,0.137428,2.40408,0.910929,2.94228,1.08271
8.28458,-0.52942,-0.161901,-0.8,-0.8,0.423536,0.129521,2.41766,0.919488,2.94708,1.08139
8.30073,-0.519569,-0.155618,-0.8,-0.8,0.415655,0.124494,2.42751,0.925771,2.94708,1.08139
8.3209,-0.528225,-0.150305,-0.8,-0.8,0.42258,0.120244,2.43151,0.928015,2.95974,1.07832
8.34141,-0.521578,-0.146236,-0.8,-0.8,0.417263,0.116989,2.43816,0.932083,2.95974,1.07832
8.36798,-0.514809,-0.136991,-0.8,-0.8,0.411847,0.109593,2.44843,0.938119,2.96324,1.07511
8.38083,-0.510738,-0.134831,-0.8,-0.8,0.408591,0.107865,2.4525,0.940279,2.96324,1.07511
8.40067,-0.497909,-0.123767,-0.8,-0.8,0.398328,0.0990132,2.46653,0.948996,2.96444,1.07276
8.42084,-0.494362,-0.121536,-0.8,-0.8,0.39549,0.0972289,2.47008,0.951226,2.96444,1.07276
8.44081,-0.482956,-0.114772,-0.8,-0.8,0.386365,0.0918179,2.48148,0.95799,2.96444,1.07276
8.46088,-0.470776,-0.113649,-0.8,-0.8,0.376621,0.090919,2.4887,0.962212,2.95947,1.07586
8.49839,-0.463471,-0.109496,-0.8,-0.8,0.370777,0.0875969,2.496,0.966364,2.95947,1.07586
8.50098,-0.44422,-0.0998541,-0.8,-0.8,0.355376,0.0798833,2.50775,0.972894,2.95197,1.07275
8.52084,-0.440519,-0.0976353,-0.8,-0.8,0.352416,0.0781082,2.51145,0.975113,2.95197,1.07275
8.54085,-0.429333,-0.0912102,-0.8,-0.8,0.343466,0.0729682,2.52263,0.981538,2.95197,1.07275
8.56076,-0.334565,-0.0621243,-0.8,-0.8,0.267652,0.0496994,2.53086,0.985883,2.86542,1.04801
8.58225,-0.327017,-0.0580454,-0.8,-0.8,0.261614,0.0464363,2.5384,0.989962,2.86542,1.04801
8.60073,-0.291342,-0.0452724,-0.8,-0.8,0.233074,0.0362179,2.54981,0.995958,2.84115,1.04123
8.62225,-0.291342,-0.0452724,-0.8,-0.8,0.233074,0.0362179,2.54981,0.995958,2.84115,1.04123
8.64075,-0.275328,-0.036937,-0.8,-0.8,0.220262,0.0295496,2.56582,1.00429,2.84115,1.04123
8.66073,-0.283717,-0.0409366,-0.8,-0.8,0.226974,0.0327493,2.57356,1.00849,2.85728,1.04943
8.68079,-0.271438,-0.0346816,-0.8,-0.8,0.21715,0.0277453,2.58584,1.01475,2.85728,1.04943
8.70081,-0.267591,-0.0327569,-0.8,-0.8,0.214073,0.0262056,2.58969,1.01667,2.85728,1.04943
8.72073,-0.266021,-0.0302105,-0.8,-0.8,0.212817,0.0241684,2.60126,1.02237,2.86728,1.05258
8.74076,-0.257649,-0.0263563,-0.8,-0.8,0.206119,0.021085,2.60963,1.02622,2.86728,1.05258
8.76073,-0.274026,-0.0319161,-0.8,-0.8,0.219221,0.0255329,2.61703,1.02993,2.89106,1.06185
8.78108,-0.263961,-0.0263184,-0.8,-0.8,0.211169,0.0210547,2.6271,1.03553,2.89106,1.06185
8.80082,-0.260644,-0.0245165,-0.8,-0.8,0.208515,0.0196132,2.63041,1.03733,2.89106,1.06185
8.82078,-0.249966,-0.0190982,-0.8,-0.8,0.199973,0.0152786,2.64109,1.04275,2.89106,1.06185
8.84102,-0.278326,-0.0252957,-0.8,-0.8,0.222661,0.0202366,2.64447,1.04446,2.9228,1.06976
8.86129,-0.264478,-0.0185986,-0.8,-0.8,0.211582,0.0148789,2.65832,1.05116,2.9228,1.06976
8.88084,-0.261202,-0.017032,-0.8,-0.8,0.208961,0.0136256,2.6616,1.05272,2.9228,1.06976
8.90237,-0.200126,0.0167871,-0.8,-0.783213,0.1601,-0.0134297,2.67182,1.05741,2.87195,1.04062
8.9234,-0.196746,0.0182849,-0.8,-0.764928,0.157397,-0.0146279,2.6752,1.05891,2.87195,1.04062
8.94084,-0.182821,0.0241938,-0.8,-0.740734,0.146257,-0.0193551,2.68913,1.06482,2.87195,1.04062
8.97135,-0.180175,0.0295459,-0.8,-0.711188,0.14414,-0.0236367,2.6958,1.06761,2.87597,1.03807
8.98703,-0.176894,0.0308625,-0.8,-0.680326,0.141515,-0.02469,2.69908,1.06893,2.87597,1.03807
9.0008,-0.166506,0.0348786,-0.8,-0.645447,0.133205,-0.0279028,2.70947,1.07294,2.87597,1.03807
9.02078,-0.106221,0.0590256,-0.8,-0.586422,0.0849765,-0.0472205,2.71913,1.07657,2.82535,1.01755
9.04078,-0.10132,0.0633472,-0.8,-0.523074,0.0810561,-0.0506778,2.72403,1.0809,2.82535,1.01755
9.06084,-0.099111,0.0653996,-0.8,-0.457675,0.0792888,-0.0523197,2.72624,1.08295,2.82535,1.01755
9.08082,-0.0946838,0.069326,-0.8,-0.388349,0.075747,-0.0554608,2.73067,1.08687,2.82535,1.01755
9.10503,-0.0611445,0.0729933,-0.8,-0.315355,0.0489156,-0.0583946,2.73735,1.09253,2.7985,1.01954
9.12136,-0.0539857,0.0784198,-0.8,-0.236936,0.0431886,-0.0627358,2.74451,1.09796,2.7985,1.01954
9.141,-0.00572602,0.0897263,-0.8,-0.147209,0.00458082,-0.071781,2.74934,1.10198,2.75507,1.01225
9.16586,0.00983388,0.0903669,-0.790166,-0.0568425,-0.00786711,-0.0722935,2.75174,1.10397,2.7419,1.0136
9.18084,0.00983388,0.0903669,-0.780332,0.0335244,-0.00786711,-0.0722935,2.75174,1.10397,2.7419,1.0136
9.20075,0.0244201,0.101435,-0.755912,0.134959,-0.0195361,-0.0811479,2.76632,1.11504,2.7419,1.0136
9.2208,0.0294042,0.10488,-0.726508,0.23984,-0.0235234,-0.0839042,2.77131,1.11848,2.7419,1.0136
9.24194,0.0252993,0.0894793,-0.701209,0.329319,-0.0202394,-0.0715834,2.77355,1.12014,2.74826,1.03066
9.26087,0.0275228,0.09105,-0.673686,0.420369,-0.0220182,-0.07284,2.77578,1.12171,2.74826,1.03066
9.28077,0.0366339,0.0966377,-0.637052,0.517007,-0.0293071,-0.0773101,2.78489,1.1273,2.74826,1.03066
9.30076,0.0475381,0.0935207,-0.589514,0.610527,-0.0380305,-0.0748166,2.78916,1.12977,2.74162,1.03625
9.3208,0.0538262,0.0969834,-0.535688,0.707511,-0.043061,-0.0775867,2.79544,1.13323,2.74162,1.03625
9.34075,0.069146,0.0975075,-0.466542,0.8,-0.0553168,-0.078006,2.79748,1.13431,2.72833,1.0368
9.36418,0.0716008,0.0986417,-0.394941,0.8,-0.0572806,-0.0789133,2.79993,1.13544,2.72833,1.0368
9.38088,0.0807627,0.103199,-0.314178,0.8,-0.0646102,-0.0825595,2.80909,1.14,2.72833,1.0368
9.40075,0.100123,0.110036,-0.214055,0.8,-0.0800988,-0.0880287,2.81216,1.1411,2.71204,1.03107
9.4211,0.102759,0.110986,-0.111295,0.8,-0.0822075,-0.088789,2.8148,1.14205,2.71204,1.03107
9.44218,0.116019,0.121017,0.00472341,0.8,-0.092815,-0.0968136,2.8161,1.14253,2.70009,1.02152
9.46079,0.120137,0.122305,0.12486,0.8,-0.0961094,-0.0978441,2.82022,1.14382,2.70009,1.02152
9.48074,0.123792,0.123381,0.248652,0.8,-0.0990337,-0.098705,2.82388,1.1449,2.70009,1.02152
9.50075,0.125968,0.124339,0.37462,0.8,-0.100775,-0.0994715,2.82605,1.14586,2.70009,1.02152
9.52084,0.135965,0.138748,0.510585,0.8,-0.108772,-0.110999,2.82729,1.1465,2.69133,1.00775
9.54075,0.138771,0.140432,0.649356,0.8,-0.111017,-0.112346,2.8301,1.14819,2.69133,1.00775
9.56069,0.141436,0.141874,0.790792,0.8,-0.113149,-0.113499,2.83277,1.14963,2.69133,1.00775
9.58076,0.189603,0.169456,0.8,0.8,-0.151682,-0.135565,2.83462,1.1505,2.64501,0.981047
9.60071,0.191173,0.170238,0.8,0.8,-0.152938,-0.136191,2.83619,1.15128,2.64501,0.981047
9.62084,0.209757,0.179544,0.8,0.8,-0.167806,-0.143635,2.83698,1.15162,2.62722,0.972071
9.64085,0.211892,0.178687,0.8,0.8,-0.169514,-0.142949,2.83912,1.15076,2.62722,0.972071
9.66229,0.245337,0.191182,0.8,0.8,-0.196269,-0.152946,2.84025,1.14957,2.59492,0.958385
9.68078,0.246909,0.189265,0.8,0.8,-0.197527,-0.151412,2.84183,1.14765,2.59492,0.958385
9.70076,0.254709,0.195545,0.8,0.8,-0.203767,-0.156436,2.84294,1.14634,2.58823,0.950793
9.72386,0.255647,0.194249,0.8,0.8,-0.204518,-0.155399,2.84388,1.14504,2.58823,0.950793
9.7408,0.262678,0.195032,0.8,0.8,-0.210143,-0.156026,2.84458,1.14367,2.58191,0.948639
9.76084,0.26225,0.19328,0.8,0.8,-0.2098,-0.154624,2.84416,1.14192,2.58191,0.948639
9.78077,0.261357,0.192141,0.8,0.8,-0.209086,-0.153713,2.84326,1.14078,2.58191,0.948639
9.80085,0.261357,0.192141,0.8,0.8,-0.209086,-0.153713,2.84326,1.14078,2.58191,0.948639
9.82116,0.271252,0.20668,0.8,0.8,-0.217002,-0.165344,2.84129,1.13831,2.57004,0.931626
9.8409,0.26965,0.204732,0.8,0.8,-0.21572,-0.163786,2.83969,1.13636,2.57004,0.931626
9.8615,0.268487,0.203384,0.8,0.8,-0.214789,-0.162707,2.83852,1.13501,2.57004,0.931626
9.88369,0.28788,0.200425,0.8,0.8,-0.230304,-0.16034,2.83772,1.13334,2.54984,0.932911
9.90118,0.287597,0.199529,0.8,0.8,-0.230077,-0.159623,2.83743,1.13244,2.54984,0.932911
9.92734,0.286489,0.196646,0.8,0.8,-0.229191,-0.157317,2.83633,1.12956,2.54984,0.932911
9.94337,0.285156,0.193699,0.8,0.8,-0.228125,-0.154959,2.83499,1.12661,2.54984,0.932911
9.964,0.308449,0.203154,0.8,0.8,-0.246759,-0.162524,2.834,1.12451,2.52555,0.921355
9.98437,0.307908,0.20216,0.8,0.8,-0.246326,-0.161728,2.83346,1.12352,2.52555,0.921355
10.0028,0.316092,0.203731,0.8,0.8,-0.252873,-0.162985,2.83292,1.1225,2.51683,0.918771
10.023,0.313654,0.199409,0.8,0.8,-0.250923,-0.159527,2.83049,1.11818,2.51683,0.918771
10.0577,0.311002,0.19557,0.8,0.8,-0.248802,-0.156456,2.82783,1.11434,2.51683,0.918771
10.063,0.342809,0.211152,0.8,0.8,-0.274247,-0.168922,2.82569,1.11153,2.48288,0.900381
10.0855,0.341722,0.209631,0.8,0.8,-0.273377,-0.167705,2.8246,1.11001,2.48288,0.900381
10.101,0.338501,0.205482,0.8,0.8,-0.270801,-0.164385,2.82138,1.10586,2.48288,0.900381
10.1208,0.354273,0.221929,0.8,0.8,-0.283418,-0.177543,2.81795,1.10168,2.46368,0.879754
10.1408,0.35167,0.219393,0.8,0.8,-0.281336,-0.175514,2.81535,1.09915,2.46368,0.879754
10.1661,0.350477,0.218223,0.8,0.8,-0.280381,-0.174578,2.81416,1.09798,2.46368,0.879754
10.1808,0.360164,0.218931,0.8,0.8,-0.288131,-0.175145,2.81036,1.0944,2.4502,0.875469
10.2007,0.356112,0.2151,0.8,0.8,-0.28489,-0.17208,2.80631,1.09057,2.4502,0.875469
10.2287,0.361902,0.219607,0.8,0.8,-0.289522,-0.175686,2.80375,1.08814,2.44184,0.868529
10.2408,0.359193,0.217083,0.8,0.8,-0.287354,-0.173667,2.80104,1.08561,2.44184,0.868529
10.2609,0.357638,0.215663,0.8,0.8,-0.286111,-0.17253,2.79948,1.08419,2.44184,0.868529
10.284,0.362101,0.21625,0.8,0.8,-0.289681,-0.173,2.79632,1.08183,2.43421,0.865582
10.3008,0.35582,0.211526,0.8,0.8,-0.284656,-0.169221,2.79003,1.07711,2.43421,0.865582
10.3385,0.354112,0.212431,0.8,0.8,-0.283289,-0.169945,2.78663,1.0745,2.43251,0.862065
10.3411,0.352554,0.211218,0.8,0.8,-0.282043,-0.168975,2.78507,1.07328,2.43251,0.862065
10.3615,0.349336,0.208821,0.8,0.8,-0.279469,-0.167057,2.78185,1.07089,2.43251,0.862065
10.3809,0.348367,0.213068,0.8,0.8,-0.278693,-0.170455,2.77669,1.06703,2.42832,0.853961
10.4023,0.342229,0.21066,0.8,0.8,-0.273783,-0.168528,2.77055,1.06462,2.42832,0.853961
10.4219,0.338149,0.209007,0.8,0.8,-0.270519,-0.167206,2.76647,1.06297,2.42832,0.853961
10.441,0.348554,0.215873,0.8,0.8,-0.278844,-0.172698,2.76214,1.06114,2.41359,0.845268
10.4609,0.344479,0.214118,0.8,0.8,-0.275584,-0.171295,2.75807,1.05939,2.41359,0.845268
10.4809,0.340593,0.213246,0.8,0.8,-0.272474,-0.170597,2.754,1.05767,2.41341,0.844426
10.5009,0.334026,0.210561,0.8,0.8,-0.267221,-0.168449,2.74743,1.05499,2.41341,0.844426
10.5208,0.32948,0.209088,0.8,0.8,-0.263584,-0.16727,2.74289,1.05351,2.41341,0.844426
10.5418,0.325283,0.200721,0.8,0.8,-0.260226,-0.160577,2.7384,1.05206,2.41311,0.851334
10.5608,0.320463,0.19902,0.8,0.8,-0.25637,-0.159216,2.73358,1.05035,2.41311,0.851334
10.5809,0.31899,0.190013,0.8,0.8,-0.255192,-0.15201,2.72673,1.04802,2.40774,0.858003
10.6008,0.314196,0.188182,0.8,0.8,-0.251357,-0.150545,2.72193,1.04618,2.40774,0.858003
10.6208,0.304603,0.179009,0.8,0.8,-0.243683,-0.143208,2.71746,1.04452,2.41285,0.865512
10.6408,0.299936,0.176938,0.8,0.8,-0.239949,-0.14155,2.71279,1.04245,2.41285,0.865512
10.6608,0.292765,0.173504,0.8,0.8,-0.234212,-0.138804,2.70562,1.03902,2.41285,0.865512
10.6808,0.306485,0.175547,0.8,0.8,-0.245188,-0.140437,2.70104,1.03684,2.39456,0.86129
10.7008,0.301967,0.173415,0.8,0.8,-0.241574,-0.138732,2.69652,1.0347,2.39456,0.86129
10.7208,0.299725,0.172325,0.8,0.8,-0.23978,-0.13786,2.69428,1.03361,2.39456,0.86129
10.7408,0.29838,0.172115,0.8,0.8,-0.238704,-0.137692,2.68712,1.03013,2.38874,0.858017
10.7628,0.293756,0.17002,0.8,0.8,-0.235005,-0.136016,2.6825,1.02804,2.38874,0.858017
10.7906,0.286451,0.166897,0.8,0.8,-0.229161,-0.133517,2.67519,1.02491,2.38874,0.858017
10.8009,0.285144,0.166844,0.8,0.8,-0.228115,-0.133475,2.67289,1.02392,2.38774,0.857077
10.8208,0.280565,0.164898,0.8,0.8,-0.224452,-0.131918,2.66831,1.02197,2.38774,0.857077
10.8408,0.25679,0.154769,0.8,0.8,-0.205432,-0.123815,2.65875,1.01773,2.40196,0.862958
10.8607,0.252248,0.15272,0.8,0.8,-0.201798,-0.122176,2.65421,1.01568,2.40196,0.862958
10.8808,0.25464,0.151838,0.8,0.8,-0.203712,-0.12147,2.64928,1.014,2.39464,0.862162
10.9009,0.25196,0.151139,0.8,0.8,-0.201568,-0.120911,2.6466,1.0133,2.39464,0.862162
10.9239,0.236802,0.143333,0.8,0.8,-0.189442,-0.114666,2.63843,1.01096,2.40163,0.867631
10.9409,0.228998,0.14108,0.8,0.8,-0.183199,-0.112864,2.63062,1.00871,2.40163,0.867631
10.9608,0.225741,0.139933,0.8,0.8,-0.180593,-0.111946,2.6252,1.00704,2.39946,0.867106
10.9812,0.223244,0.139161,0.8,0.8,-0.178595,-0.111329,2.6227,1.00627,2.39946,0.867106
11.001,0.218207,0.137655,0.8,0.8,-0.174566,-0.110124,2.61767,1.00476,2.39946,0.867106
11.0209,0.221985,0.136937,0.8,0.8,-0.177588,-0.10955,2.61271,1.00315,2.39072,0.866216
11.0408,0.211496,0.133942,0.8,0.8,-0.169196,-0.107153,2.60222,1.00016,2.39072,0.866216
11.061,0.200239,0.125706,0.8,0.8,-0.160192,-0.100565,2.59625,0.999327,2.39601,0.873621
11.0816,0.197308,0.12529,0.8,0.8,-0.157846,-0.100232,2.59332,0.998911,2.39601,0.873621
11.1008,0.188444,0.12379,0.8,0.8,-0.150755,-0.0990319,2.58445,0.997411,2.39601,0.873621
11.1211,0.191765,0.11529,0.8,0.8,-0.153412,-0.092232,2.57613,0.996002,2.38436,0.880712
11.1411,0.186548,0.114258,0.8,0.8,-0.149238,-0.0914067,2.57091,0.99497,2.38436,0.880712
11.1611,0.185448,0.109716,0.8,0.8,-0.148358,-0.0877732,2.56537,0.993716,2.37992,0.884
11.1817,0.18287,0.109162,0.8,0.8,-0.146296,-0.0873294,2.56279,0.993161,2.37992,0.884
11.2021,0.1754,0.107537,0.8,0.8,-0.14032,-0.0860292,2.55532,0.991536,2.37992,0.884
11.2212,0.162218,0.0958384,0.8,0.8,-0.129775,-0.0766707,2.54755,0.989568,2.38533,0.89373
11.2463,0.162218,0.0958384,0.8,0.8,-0.129775,-0.0766707,2.54755,0.989568,2.38533,0.89373
11.2629,0.155053,0.0940082,0.8,0.8,-0.124042,-0.0752066,2.54038,0.987738,2.38533,0.89373
11.2809,0.147931,0.090359,0.8,0.8,-0.118345,-0.0722872,2.53326,0.984089,2.38533,0.89373
11.3009,0.143514,0.0880029,0.8,0.8,-0.114811,-0.0704023,2.52884,0.981733,2.38533,0.89373
11.3208,0.145869,0.0780602,0.8,0.8,-0.116696,-0.0624482,2.52238,0.978263,2.37651,0.900203
11.3408,0.141297,0.0756429,0.8,0.8,-0.113037,-0.0605143,2.51781,0.975845,2.37651,0.900203
11.3608,0.114259,0.0671416,0.8,0.8,-0.0914074,-0.0537133,2.51573,0.974683,2.40147,0.907541
11.3832,0.108056,0.0638133,0.8,0.8,-0.086445,-0.0510506,2.50952,0.971354,2.40147,0.907541
11.4008,0.101632,0.0610033,0.8,0.8,-0.0813059,-0.0488026,2.5031,0.968544,2.40147,0.907541
11.4263,0.103121,0.0687469,0.8,0.8,-0.0824965,-0.0549975,2.50107,0.967645,2.39795,0.898898
11.4409,0.0972124,0.0661635,0.8,0.8,-0.0777699,-0.0529308,2.49516,0.965062,2.39795,0.898898
11.4608,0.0705847,0.0640463,0.8,0.8,-0.0564677,-0.051237,2.49103,0.9632,2.42045,0.899154
11.4812,0.0668467,0.062291,0.8,0.8,-0.0534774,-0.0498328,2.48729,0.961445,2.42045,0.899154
11.5008,0.0608264,0.0596214,0.8,0.8,-0.0486612,-0.0476972,2.48127,0.958775,2.42045,0.899154
11.5263,0.0559069,0.0575545,0.8,0.8,-0.0447255,-0.0460436,2.47635,0.956708,2.42045,0.899154
11.5408,0.0536605,0.0565728,0.8,0.8,-0.0429284,-0.0452583,2.47411,0.955727,2.42045,0.899154
11.5608,0.057461,0.0665218,0.8,0.8,-0.0459688,-0.0532175,2.46745,0.952855,2.40999,0.886334
11.5809,0.0529504,0.0644962,0.8,0.8,-0.0423603,-0.051597,2.46294,0.95083,2.40999,0.886334
11.6008,0.0467484,0.0617489,0.8,0.8,-0.0373987,-0.0493991,2.45674,0.948083,2.40999,0.886334
11.6208,0.0427368,0.059992,0.8,0.8,-0.0341894,-0.0479936,2.45273,0.946326,2.40999,0.886334
11.6427,0.040095,0.0597569,0.8,0.8,-0.032076,-0.0478056,2.45048,0.945261,2.41038,0.885504
11.6609,0.0339204,0.057055,0.8,0.8,-0.0271363,-0.045644,2.4443,0.942559,2.41038,0.885504
11.6808,0.0279213,0.0544187,0.8,0.8,-0.022337,-0.043535,2.4383,0.939922,2.41038,0.885504
11.7008,-0.0274917,0.0383039,0.772508,0.8,0.0219934,-0.0306431,2.43416,0.938066,2.46165,0.899762
11.7208,-0.0312385,0.0365789,0.74127,0.8,0.0249908,-0.0292631,2.43042,0.936341,2.46165,0.899762
11.7408,-0.0387858,0.031707,0.702484,0.8,0.0310286,-0.0253656,2.4267,0.934687,2.46549,0.90298
11.7608,-0.0445619,0.0295388,0.657922,0.8,0.0356496,-0.0236311,2.42093,0.932519,2.46549,0.90298
11.7817,-0.0481895,0.0283739,0.609733,0.8,0.0385516,-0.0226991,2.4173,0.931354,2.46549,0.90298
11.8008,-0.0572669,0.0175219,0.552466,0.8,0.0458135,-0.0140175,2.41371,0.930192,2.47098,0.91267
11.8237,-0.060985,0.0162633,0.491481,0.8,0.048788,-0.0130106,2.41,0.928934,2.47098,0.91267
11.8427,-0.0649194,0.0106036,0.426561,0.8,0.0519355,-0.00848288,2.40668,0.927841,2.4716,0.917237
11.8611,-0.0680357,0.00660865,0.358526,0.8,0.0544285,-0.00528692,2.40334,0.926749,2.47137,0.92014
11.8808,-0.0728744,0.00470524,0.285651,0.8,0.0582995,-0.00376419,2.3985,0.924845,2.47137,0.92014
11.9009,-0.0844973,-0.00475837,0.201154,0.795242,0.0675979,0.0038067,2.39722,0.924165,2.48172,0.928924
11.9208,-0.0871285,-0.0061828,0.114026,0.789059,0.0697028,0.00494624,2.39459,0.922741,2.48172,0.928924
11.9449,-0.0914458,-0.00890522,0.0225798,0.780154,0.0731566,0.00712418,2.39187,0.921291,2.48332,0.930196
11.9608,-0.0961565,-0.0115291,-0.0735767,0.768625,0.0769252,0.00922326,2.38716,0.918667,2.48332,0.930196
11.9808,-0.0983926,-0.0127895,-0.171969,0.755835,0.0787141,0.0102316,2.38492,0.917406,2.48332,0.930196
12.0066,-0.0996114,-0.0134978,-0.271581,0.742337,0.0796891,0.0107982,2.3837,0.916698,2.48332,0.930196
12.0209,-0.0906315,-0.0110414,-0.362212,0.731296,0.0725052,0.00883313,2.38158,0.915474,2.47221,0.926515
12.0408,-0.0952451,-0.0133838,-0.457457,0.717912,0.0761961,0.0107071,2.37696,0.913131,2.47221,0.926515
12.0608,-0.104919,-0.0136885,-0.562376,0.704224,0.0839353,0.0109508,2.37555,0.912572,2.48047,0.92626
12.0809,-0.107584,-0.0147776,-0.669961,0.689446,0.0860673,0.0118221,2.37289,0.911483,2.48047,0.92626
12.1008,-0.113096,-0.0196337,-0.783057,0.669812,0.0904771,0.0157069,2.3702,0.910386,2.4833,0.930019
12.1212,-0.116878,-0.0211505,-0.8,0.648662,0.0935024,0.0169204,2.36642,0.908869,2.4833,0.930019
12.1408,-0.121816,-0.0231287,-0.8,0.625533,0.0974524,0.018503,2.36251,0.906843,2.48432,0.929972
12.1632,-0.124555,-0.0246828,-0.8,0.60085,0.0996438,0.0197463,2.35977,0.905289,2.48432,0.929972
12.1808,-0.125801,-0.0254025,-0.8,0.575448,0.100641,0.020322,2.35852,0.90457,2.48432,0.929972
12.2008,-0.129371,-0.0275374,-0.8,0.54791,0.103497,0.0220299,2.35495,0.902435,2.48432,0.929972
12.2208,-0.143535,-0.0338238,-0.8,0.514087,0.114828,0.027059,2.35132,0.900346,2.49485,0.93417
12.2415,-0.14581,-0.0351519,-0.8,0.478935,0.116648,0.0281215,2.34904,0.899018,2.49485,0.93417
12.2608,-0.148184,-0.0374692,-0.8,0.441465,0.118547,0.0299753,2.34667,0.896701,2.49485,0.93417
12.2809,-0.153213,-0.0409249,-0.8,0.400541,0.122571,0.0327399,2.34421,0.89335,2.49742,0.934275
12.3008,-0.15562,-0.0441878,-0.8,0.356353,0.124496,0.0353502,2.3418,0.890087,2.49742,0.934275
12.321,-0.158016,-0.0473877,-0.8,0.308965,0.126412,0.0379102,2.33941,0.886887,2.49742,0.934275
12.3408,-0.180287,-0.0521869,-0.8,0.256778,0.14423,0.0417495,2.33638,0.882416,2.51667,0.934603
12.3608,-0.197506,-0.057216,-0.8,0.199562,0.158005,0.0457728,2.33541,0.880971,2.53291,0.938187
12.3808,-0.20075,-0.0612991,-0.8,0.138263,0.1606,0.0490393,2.33216,0.876887,2.53291,0.938187
12.4028,-0.206656,-0.0603419,-0.8,0.0779213,0.165325,0.0482735,2.32824,0.87324,2.5349,0.933582
12.4208,-0.209058,-0.0627131,-0.8,0.0152082,0.167247,0.0501705,2.32584,0.870869,2.5349,0.933582
12.4433,-0.215544,-0.0611896,-0.8,-0.0459814,0.172435,0.0489517,2.3236,0.868645,2.53914,0.929834
12.4609,-0.216581,-0.0622842,-0.8,-0.108266,0.173265,0.0498274,2.32256,0.86755,2.53914,0.929834
12.4808,-0.223149,-0.0626944,-0.8,-0.17096,0.178519,0.0501556,2.31956,0.8644,2.54271,0.927094
12.5008,-0.226355,-0.0659781,-0.8,-0.236938,0.181084,0.0527825,2.31635,0.861116,2.54271,0.927094
12.5209,-0.22677,-0.0607986,-0.8,-0.297737,0.181416,0.0486389,2.31376,0.858614,2.54053,0.919412
12.5409,-0.228007,-0.061987,-0.8,-0.359724,0.182406,0.0495896,2.31252,0.857425,2.54053,0.919412
12.5609,-0.229252,-0.063205,-0.8,-0.422929,0.183402,0.050564,2.31128,0.856207,2.54053,0.919412
12.5809,-0.231468,-0.0641906,-0.8,-0.487119,0.185174,0.0513525,2.307,0.851737,2.53847,0.915927
12.6008,-0.233402,-0.0662884,-0.8,-0.553408,0.186722,0.0530307,2.30507,0.849639,2.53847,0.915927
12.6208,-0.23519,-0.0683214,-0.8,-0.621729,0.188152,0.0546571,2.30328,0.847606,2.53847,0.915927
12.6408,-0.228897,-0.0602087,-0.8,-0.681938,0.183117,0.0481669,2.30148,0.845855,2.53038,0.906063
12.6611,-0.231676,-0.0626823,-0.8,-0.74462,0.185341,0.0501458,2.2987,0.843381,2.53038,0.906063
12.6808,-0.234055,-0.0648982,-0.8,-0.8,0.187244,0.0519186,2.29633,0.841165,2.53038,0.906063
12.7008,-0.243701,-0.0648206,-0.8,-0.8,0.194961,0.0518565,2.29498,0.839764,2.53868,0.904585
12.721,-0.24991,-0.0655053,-0.8,-0.8,0.199928,0.0524042,2.29435,0.839124,2.54426,0.90463
12.7408,-0.251479,-0.0673743,-0.8,-0.8,0.201183,0.0538994,2.29278,0.837255,2.54426,0.90463
12.7608,-0.252427,-0.068583,-0.8,-0.8,0.201942,0.0548664,2.29183,0.836047,2.54426,0.90463
12.7807,-0.255163,-0.0682833,-0.8,-0.8,0.20413,0.0546267,2.29064,0.834302,2.5458,0.902586
12.8008,-0.255816,-0.0693885,-0.8,-0.8,0.204653,0.0555108,2.28999,0.833197,2.5458,0.902586
12.8219,-0.255816,-0.0693885,-0.8,-0.8,0.204653,0.0555108,2.28999,0.833197,2.5458,0.902586
12.8408,-0.256572,-0.0712831,-0.8,-0.8,0.205257,0.0570265,2.28923,0.831302,2.5458,0.902586
12.8619,-0.256745,-0.0721163,-0.8,-0.8,0.205396,0.0576931,2.28906,0.830469,2.5458,0.902586
12.8809,-0.256998,-0.0732899,-0.8,-0.8,0.205599,0.0586319,2.28881,0.829296,2.5458,0.902586
12.9008,-0.257209,-0.0741076,-0.8,-0.8,0.205767,0.0592861,2.28859,0.828478,2.5458,0.902586
12.9208,-0.257326,-0.0747986,-0.8,-0.8,0.205861,0.0598389,2.28848,0.827787,2.5458,0.902586
12.9408,-0.257381,-0.0754697,-0.8,-0.8,0.205904,0.0603758,2.28842,0.827116,2.5458,0.902586
12.9608,-0.256981,-0.0762486,-0.8,-0.8,0.205585,0.0609989,2.28882,0.826337,2.5458,0.902586
12.9808,-0.256687,-0.0767331,-0.8,-0.8,0.20535,0.0613865,2.28912,0.825853,2.5458,0.902586
13.0009,-0.256687,-0.0767331,-0.8,-0.8,0.20535,0.0613865,2.28912,0.825853,2.5458,0.902586
13.0208,-0.255534,-0.0773894,-0.8,-0.8,0.204427,0.0619115,2.29027,0.825196,2.5458,0.902586
13.0439,-0.254626,-0.0780453,-0.8,-0.8,0.203701,0.0624362,2.29118,0.82454,2.5458,0.902586
13.0608,-0.254013,-0.0787298,-0.8,-0.8,0.20321,0.0629839,2.29179,0.823856,2.5458,0.902586
13.0807,-0.25314,-0.0793439,-0.8,-0.8,0.202512,0.0634751,2.29266,0.823242,2.5458,0.902586
13.1026,-0.252769,-0.0796564,-0.8,-0.8,0.202215,0.0637251,2.29304,0.822929,2.5458,0.902586
13.1208,-0.251353,-0.0804063,-0.8,-0.8,0.201082,0.0643251,2.29445,0.822179,2.5458,0.902586
13.1408,-0.249929,-0.0805937,-0.8,-0.8,0.199943,0.064475,2.29587,0.821992,2.5458,0.902586
13.1608,-0.248975,-0.0805156,-0.8,-0.8,0.19918,0.0644125,2.29683,0.82207,2.5458,0.902586
13.1838,-0.24845,-0.0804531,-0.8,-0.8,0.19876,0.0643625,2.29735,0.822132,2.5458,0.902586
13.2008,-0.247379,-0.0803287,-0.8,-0.8,0.197903,0.0642629,2.29842,0.822257,2.5458,0.902586
13.2215,-0.245334,-0.0799864,-0.8,-0.8,0.196268,0.0639891,2.30047,0.822599,2.5458,0.902586
13.2408,-0.243229,-0.079596,-0.8,-0.8,0.194583,0.0636768,2.30257,0.82299,2.5458,0.902586
13.2608,-0.241433,-0.0790918,-0.8,-0.8,0.193146,0.0632734,2.30437,0.823494,2.5458,0.902586
13.2809,-0.240567,-0.0787531,-0.8,-0.8,0.192453,0.0630025,2.30524,0.823833,2.5458,0.902586
13.3008,-0.237865,-0.0776907,-0.8,-0.8,0.190292,0.0621526,2.30794,0.824895,2.5458,0.902586
13.3208,-0.234728,-0.076599,-0.8,-0.8,0.187782,0.0612792,2.31108,0.825987,2.5458,0.902586
13.3408,-0.232649,-0.075855,-0.8,-0.8,0.186119,0.060684,2.31315,0.826731,2.5458,0.902586
13.3609,-0.231524,-0.0754821,-0.8,-0.8,0.185219,0.0603857,2.31428,0.827103,2.5458,0.902586
13.3808,-0.228169,-0.0746457,-0.8,-0.8,0.182535,0.0597165,2.31763,0.82794,2.5458,0.902586
13.4008,-0.226996,-0.0720753,-0.8,-0.8,0.181597,0.0576602,2.31881,0.83051,2.5458,0.902586
13.4226,-0.225344,-0.068371,-0.8,-0.8,0.180275,0.0546968,2.32046,0.834215,2.5458,0.902586
13.4408,-0.224137,-0.0659582,-0.8,-0.8,0.17931,0.0527665,2.32167,0.836627,2.5458,0.902586
13.4609,-0.223244,-0.0647302,-0.8,-0.8,0.178595,0.0517842,2.32256,0.837855,2.5458,0.902586
13.4808,-0.221161,-0.0612442,-0.8,-0.8,0.176929,0.0489954,2.32464,0.841341,2.5458,0.902586
13.5017,-0.218886,-0.0578014,-0.8,-0.8,0.175109,0.0462411,2.32692,0.844784,2.5458,0.902586
13.5208,-0.216457,-0.0551124,-0.8,-0.8,0.173166,0.04409,2.32935,0.847473,2.5458,0.902586
13.5409,-0.215331,-0.0538274,-0.8,-0.8,0.172265,0.0430619,2.33047,0.848758,2.5458,0.902586
13.5608,-0.213007,-0.0512629,-0.8,-0.8,0.170406,0.0410103,2.3328,0.851323,2.5458,0.902586
13.5809,-0.21039,-0.0487147,-0.8,-0.8,0.168312,0.0389718,2.33541,0.853871,2.5458,0.902586
13.6009,-0.205421,-0.043887,-0.8,-0.8,0.164337,0.0351096,2.34038,0.858699,2.5458,0.902586
13.6236,-0.202869,-0.041556,-0.8,-0.8,0.162295,0.0332448,2.34293,0.86103,2.5458,0.902586
13.6409,-0.201493,-0.0403354,-0.8,-0.8,0.161194,0.0322683,2.34431,0.86225,2.5458,0.902586
13.6608,-0.198097,-0.0369464,-0.8,-0.8,0.158477,0.0295571,2.34771,0.865639,2.5458,0.902586
13.6808,-0.194283,-0.033613,-0.8,-0.8,0.155426,0.0268904,2.35152,0.868973,2.5458,0.902586
13.7008,-0.191887,-0.031536,-0.8,-0.8,0.15351,0.0252288,2.35392,0.87105,2.5458,0.902586
13.7209,-0.189376,-0.0294559,-0.8,-0.8,0.151501,0.0235647,2.35643,0.87313,2.5458,0.902586
13.7408,-0.225848,-0.0111373,-0.8,-0.8,0.180679,0.00890987,2.35891,0.875108,2.58475,0.886245
13.7609,-0.223088,-0.00912968,-0.8,-0.8,0.178471,0.00730374,2.36167,0.877115,2.58475,0.886245
13.7808,-0.220683,-0.00780503,-0.8,-0.8,0.176546,0.00624402,2.36407,0.87844,2.58475,0.886245
13.8008,-0.222856,-0.00890665,-0.8,-0.8,0.178284,0.00712532,2.36648,0.879675,2.58933,0.888581
13.8208,-0.220147,-0.00758414,-0.8,-0.8,0.176118,0.00606731,2.36919,0.880997,2.58933,0.888581
13.8408,-0.214247,-0.00428418,-0.8,-0.8,0.171397,0.00342734,2.37296,0.88281,2.58721,0.887094
13.8608,-0.21168,-0.00309298,-0.8,-0.8,0.169344,0.00247438,2.37553,0.884001,2.58721,0.887094
13.8809,-0.209762,-0.00201885,-0.8,-0.8,0.16781,0.00161508,2.37963,0.885973,2.58939,0.887992
13.9009,-0.208534,-0.00130329,-0.8,-0.8,0.166827,0.00104263,2.38086,0.886689,2.58939,0.887992
13.9209,-0.200758,0.00417493,-0.8,-0.795825,0.160607,-0.00333994,2.38337,0.888139,2.58413,0.883964
13.9409,-0.196628,0.00638143,-0.8,-0.789444,0.157302,-0.00510514,2.3875,0.890346,2.58413,0.883964
13.9608,-0.190387,0.0116222,-0.8,-0.777821,0.152309,-0.0092978,2.39143,0.892337,2.58182,0.880715
13.9808,-0.189049,0.0123082,-0.8,-0.765513,0.151239,-0.00984654,2.39277,0.893023,2.58182,0.880715
14.0009,-0.184453,0.0191703,-0.8,-0.746343,0.147563,-0.0153362,2.39576,0.894377,2.58021,0.875207
14.0208,-0.180247,0.0244769,-0.8,-0.721866,0.144198,-0.0195815,2.39984,0.896221,2.58009,0.871744
14.0419,-0.177472,0.0257084,-0.8,-0.696158,0.141978,-0.0205667,2.40262,0.897452,2.58009,0.871744
14.0623,-0.174443,0.0269602,-0.8,-0.669197,0.139555,-0.0215681,2.40564,0.898704,2.58009,0.871744
14.0809,-0.17173,0.0288169,-0.8,-0.64038,0.137384,-0.0230535,2.40836,0.900561,2.58009,0.871744
14.101,-0.173873,0.0279334,-0.8,-0.612447,0.139098,-0.0223467,2.41111,0.902381,2.58498,0.874448
14.1209,-0.169409,0.0306281,-0.8,-0.581819,0.135527,-0.0245025,2.41557,0.905076,2.58498,0.874448
14.1408,-0.16822,0.0322666,-0.8,-0.549552,0.134576,-0.0258133,2.41943,0.90755,2.58765,0.875284
14.1608,-0.165464,0.0339394,-0.8,-0.515613,0.132371,-0.0271515,2.42219,0.909223,2.58765,0.875284
14.1809,-0.161484,0.0379624,-0.8,-0.477651,0.129188,-0.03037,2.42348,0.910019,2.58497,0.872057
14.2008,-0.157736,0.0401605,-0.8,-0.43749,0.126189,-0.0321284,2.42723,0.912217,2.58497,0.872057
14.2222,-0.135545,0.0555925,-0.8,-0.381898,0.108436,-0.044474,2.43006,0.913657,2.5656,0.858065
14.2408,-0.131682,0.0575497,-0.8,-0.324348,0.105345,-0.0460398,2.43392,0.915614,2.5656,0.858065
14.2609,-0.13036,0.0581964,-0.8,-0.266151,0.104288,-0.0465571,2.43524,0.916261,2.5656,0.858065
14.2828,-0.128645,0.0578607,-0.8,-0.208291,0.102916,-0.0462886,2.43718,0.917445,2.56582,0.859585
14.3017,-0.125541,0.0595542,-0.8,-0.148737,0.100433,-0.0476434,2.44028,0.919139,2.56582,0.859585
14.321,-0.123455,0.0606277,-0.8,-0.0881088,0.098764,-0.0485022,2.44237,0.920212,2.56582,0.859585
14.3409,-0.116945,0.0633688,-0.8,-0.02474,0.0935562,-0.0506951,2.44559,0.921633,2.56254,0.858265
14.3608,-0.114889,0.064239,-0.8,0.0394991,0.0919115,-0.0513912,2.44765,0.922504,2.56254,0.858265
14.3809,-0.106977,0.0699857,-0.8,0.109485,0.0855819,-0.0559886,2.44872,0.922904,2.5557,0.852918
14.4009,-0.104579,0.0742054,-0.8,0.18369,0.083663,-0.0593643,2.45112,0.927123,2.5557,0.852918
14.421,-0.103549,0.0740697,-0.8,0.25776,0.0828394,-0.0592557,2.45263,0.929752,2.55618,0.855682
14.4408,-0.10198,0.0765074,-0.8,0.334267,0.0815837,-0.061206,2.4542,0.93219,2.55618,0.855682
14.4629,-0.0958954,0.0796952,-0.8,0.413963,0.0767164,-0.0637562,2.45601,0.934528,2.5519,0.854833
14.4809,-0.0934242,0.0829185,-0.8,0.496881,0.0747394,-0.0663348,2.45848,0.937751,2.5519,0.854833
14.5009,-0.0821965,0.0899498,-0.8,0.586831,0.0657572,-0.0719599,2.46013,0.939733,2.54233,0.849783
14.522,-0.0778182,0.0931544,-0.8,0.679985,0.0622546,-0.0745235,2.46149,0.942163,2.53931,0.849008
14.5411,-0.0766769,0.0959901,-0.8,0.775975,0.0613415,-0.0767921,2.46263,0.944998,2.53931,0.849008
14.5613,-0.0756462,0.0986817,-0.8,0.8,0.060517,-0.0789454,2.46366,0.94769,2.53931,0.849008
14.5864,-0.071409,0.0994425,-0.8,0.8,0.0571272,-0.079554,2.46533,0.951406,2.53674,0.851963
14.6009,-0.0658607,0.103543,-0.8,0.8,0.0526886,-0.0828343,2.46669,0.953674,2.53255,0.850131
14.621,-0.0646555,0.105657,-0.8,0.8,0.0517244,-0.084526,2.4679,0.955789,2.53255,0.850131
14.6409,-0.0596509,0.107258,-0.8,0.8,0.0477207,-0.0858067,2.46925,0.958504,2.5289,0.851245
14.6608,-0.0545007,0.11006,-0.8,0.8,0.0436006,-0.0880477,2.4717,0.963178,2.5262,0.853119
14.6809,-0.0529541,0.112971,-0.8,0.8,0.0423633,-0.090377,2.47325,0.96609,2.5262,0.853119
14.7009,-0.0480184,0.111967,-0.8,0.8,0.0384147,-0.0895739,2.47477,0.968792,2.52279,0.856825
14.7209,-0.0463168,0.114478,-0.8,0.8,0.0370534,-0.0915824,2.47647,0.971303,2.52279,0.856825
14.7409,-0.0431709,0.115385,-0.8,0.8,0.0345367,-0.0923083,2.47805,0.973689,2.52122,0.858304
14.7609,-0.0411524,0.118597,-0.8,0.8,0.0329219,-0.0948772,2.48007,0.9769,2.52122,0.858304
14.7837,-0.0394711,0.116586,-0.8,0.8,0.0315769,-0.0932685,2.48121,0.978816,2.52068,0.86223
14.8008,-0.03795,0.119187,-0.8,0.8,0.03036,-0.0953494,2.48273,0.981417,2.52068,0.86223
14.821,-0.0374245,0.119993,-0.8,0.8,0.0299396,-0.0959942,2.48325,0.982223,2.52068,0.86223
14.8409,-0.0305516,0.120985,-0.8,0.8,0.0244413,-0.0967882,2.48448,0.983673,2.51503,0.862687
14.8614,-0.0289166,0.122928,-0.8,0.8,0.0231332,-0.0983422,2.48612,0.985615,2.51503,0.862687
14.8809,-0.0270564,0.124988,-0.8,0.8,0.0216451,-0.09999,2.48798,0.987675,2.51503,0.862687
14.9096,-0.02876,0.122635,-0.8,0.8,0.023008,-0.0981078,2.48862,0.988638,2.51738,0.866004
14.9209,-0.0275825,0.124349,-0.8,0.8,0.022066,-0.099479,2.4898,0.990353,2.51738,0.866004
14.9408,-0.0257352,0.126647,-0.8,0.8,0.0205882,-0.101318,2.49165,0.992651,2.51738,0.866004
14.9609,-0.0238477,0.128489,-0.8,0.8,0.0190781,-0.102791,2.49353,0.994492,2.51738,0.866004
14.9828,-0.0232547,0.129054,-0.8,0.8,0.0186038,-0.103244,2.49413,0.995058,2.51738,0.866004
15.0028,-0.0204993,0.128252,-0.8,0.8,0.0163994,-0.102601,2.49533,0.996098,2.51583,0.867846
15.0215,-0.0191999,0.129043,-0.8,0.8,0.0153599,-0.103235,2.49663,0.996889,2.51583,0.867846
15.0414,-0.0117709,0.129655,-0.8,0.8,0.00941671,-0.103724,2.49839,0.997998,2.51016,0.868342
15.0613,-0.0101,0.130322,-0.8,0.8,0.00808004,-0.104258,2.50006,0.998664,2.51016,0.868342
15.0841,-0.00485568,0.131612,-0.8,0.8,0.00388454,-0.10529,2.50055,0.998873,2.50541,0.867261
15.1009,-0.00383573,0.131968,-0.8,0.8,0.00306858,-0.105575,2.50157,0.999229,2.50541,0.867261
15.1208,0.00147086,0.132728,-0.798529,0.8,-0.00117668,-0.106182,2.5031,0.999491,2.50163,0.866764
15.1409,0.00237089,0.132431,-0.796158,0.8,-0.00189671,-0.105945,2.504,0.999194,2.50163,0.866764
15.1609,0.00616444,0.133749,-0.789994,0.8,-0.00493156,-0.107,2.50489,0.998427,2.49872,0.864677
15.1809,0.00642051,0.133458,-0.783573,0.8,-0.0051364,-0.106766,2.50514,0.998135,2.49872,0.864677
15.2014,0.00707663,0.132636,-0.776497,0.8,-0.00566131,-0.106109,2.5058,0.997313,2.49872,0.864677
15.2213,0.0105715,0.134263,-0.765925,0.8,-0.00845718,-0.10741,2.50671,0.996142,2.49614,0.861879
15.2409,0.0115373,0.132795,-0.754388,0.8,-0.00922984,-0.106236,2.50768,0.994674,2.49614,0.861879
15.2613,0.0123869,0.131613,-0.742001,0.8,-0.00990956,-0.10529,2.50801,0.993226,2.49562,0.861613
15.2809,0.0143708,0.129011,-0.72763,0.8,-0.0114966,-0.103209,2.50805,0.992247,2.49368,0.863236
15.3009,0.0145009,0.126019,-0.713129,0.8,-0.0116007,-0.100815,2.50818,0.989255,2.49368,0.863236
15.3208,0.0168981,0.125674,-0.696231,0.8,-0.0135185,-0.100539,2.50837,0.987098,2.49147,0.861424
15.3409,0.0189439,0.122167,-0.677287,0.8,-0.0151551,-0.0977336,2.50855,0.983966,2.48961,0.861799
15.3609,0.0190426,0.121139,-0.658245,0.8,-0.0152341,-0.0969112,2.50865,0.982938,2.48961,0.861799
15.3809,0.0198077,0.12222,-0.638437,0.8,-0.0158461,-0.0977763,2.50891,0.980675,2.4891,0.858454
15.4008,0.0196367,0.119152,-0.6188,0.8,-0.0157094,-0.0953215,2.50874,0.977606,2.4891,0.858454
15.4209,0.0188237,0.116644,-0.599977,0.8,-0.015059,-0.0933156,2.50861,0.971401,2.48979,0.854756
15.4409,0.0195315,0.118716,-0.580445,0.8,-0.0156252,-0.0949726,2.50856,0.969893,2.48903,0.851177
15.4608,0.0197329,0.117973,-0.560712,0.8,-0.0157863,-0.0943783,2.50846,0.965329,2.48872,0.847356
15.4809,0.0197035,0.116468,-0.541009,0.8,-0.0157628,-0.0931743,2.50843,0.963824,2.48872,0.847356
15.5021,0.0217348,0.115201,-0.519274,0.8,-0.0173878,-0.0921609,2.5084,0.959077,2.48667,0.843876
15.5209,0.0206118,0.110191,-0.498662,0.8,-0.0164894,-0.088153,2.50728,0.954067,2.48667,0.843876
15.5409,0.0251205,0.113255,-0.473542,0.8,-0.0200964,-0.0906042,2.50688,0.95239,2.48176,0.839134
15.5609,0.0274709,0.110201,-0.446071,0.8,-0.0219767,-0.0881605,2.50621,0.948913,2.47873,0.838712
15.5813,0.026484,0.105329,-0.419587,0.8,-0.0211872,-0.0842635,2.50522,0.944041,2.47873,0.838712
15.6009,0.0301556,0.103769,-0.389431,0.8,-0.0241244,-0.0830151,2.50433,0.939003,2.47417,0.835234
15.6222,0.0332677,0.103637,-0.356164,0.8,-0.0266141,-0.0829094,2.50402,0.93737,2.47075,0.833734
15.644,0.0350897,0.0993496,-0.321074,0.8,-0.0280717,-0.0794796,2.50307,0.933294,2.46798,0.833944
15.661,0.0338709,0.0944936,-0.287203,0.8,-0.0270967,-0.0755949,2.50185,0.928438,2.46798,0.833944
15.6823,0.0354034,0.0870759,-0.2518,0.8,-0.0283227,-0.0696607,2.50034,0.921017,2.46494,0.833942
15.703,0.0344812,0.0820721,-0.217318,0.8,-0.027585,-0.0656577,2.49942,0.916014,2.46494,0.833942
15.723,0.0373382,0.0867578,-0.17998,0.8,-0.0298705,-0.0694063,2.4985,0.911307,2.46116,0.824549
15.7485,0.0365042,0.0821794,-0.143476,0.8,-0.0292033,-0.0657435,2.49766,0.906729,2.46116,0.824549
15.7608,0.0358978,0.0785002,-0.107578,0.8,-0.0287182,-0.0628002,2.49597,0.899595,2.46007,0.821095
15.7809,0.0361725,0.0779644,-0.0714057,0.8,-0.028938,-0.0623715,2.49434,0.894882,2.45816,0.816917
15.8011,0.0356137,0.0745104,-0.035792,0.8,-0.0284909,-0.0596083,2.49267,0.890233,2.45705,0.815722
15.8257,0.034073,0.0697486,-0.00171899,0.8,-0.0272584,-0.0557989,2.49113,0.885471,2.45705,0.815722
15.8409,0.032768,0.0666504,0.031049,0.8,-0.0262144,-0.0533203,2.48962,0.88101,2.45685,0.81436
15.8611,0.0326728,0.063547,0.0637218,0.8,-0.0261382,-0.0508376,2.48746,0.874517,2.45479,0.81097
15.8809,0.0299841,0.0559586,0.0937059,0.8,-0.0239873,-0.0447669,2.48478,0.866929,2.45479,0.81097
15.9008,0.0315639,0.0547493,0.12527,0.8,-0.0252512,-0.0437994,2.48292,0.861867,2.45135,0.807118
15.9268,0.0312012,0.0510125,0.156471,0.8,-0.0249609,-0.04081,2.48197,0.859349,2.45077,0.808337
15.941,0.0301196,0.0454797,0.186591,0.8,-0.0240957,-0.0363837,2.47926,0.851807,2.44914,0.806328
15.9608,0.0298722,0.0394962,0.216463,0.8,-0.0238978,-0.0315969,2.47759,0.847079,2.44771,0.807583
15.9809,0.027387,0.0325702,0.24385,0.8,-0.0219096,-0.0260561,2.4751,0.840153,2.44771,0.807583
16.0083,0.026568,0.0300951,0.270418,0.8,-0.0212544,-0.0240761,2.47428,0.837678,2.44771,0.807583
16.0268,0.028235,0.0288032,0.298653,0.8,-0.022588,-0.0230426,2.47276,0.833273,2.44452,0.80447
16.044,0.0285182,0.0182202,0.327171,0.8,-0.0228146,-0.0145762,2.47123,0.828978,2.44271,0.810757
16.0609,0.0247085,0.00955698,0.35188,0.8,-0.0197668,-0.00764558,2.46742,0.820314,2.44271,0.810757
16.0809,0.0271791,0.00793139,0.379059,0.8,-0.0217433,-0.00634512,2.46513,0.816257,2.43795,0.808326
16.1009,0.0277052,0.0053316,0.406764,0.8,-0.0221641,-0.00426528,2.46293,0.812245,2.43523,0.806914
16.1243,0.024958,-8.76249e-05,0.431722,0.799912,-0.0199664,7.00999e-05,2.46188,0.810082,2.43692,0.81017
16.1409,0.0238384,-0.00185578,0.45556,0.798057,-0.0190707,0.00148463,2.45827,0.80378,2.43443,0.805636
16.1609,0.0194026,-0.00902998,0.474963,0.789027,-0.0155221,0.00722398,2.45383,0.796606,2.43443,0.805636
16.1809,0.0179578,-0.011522,0.492921,0.777505,-0.0143663,0.00921764,2.45239,0.794114,2.43443,0.805636
16.201,0.0180675,-0.00877044,0.510988,0.768734,-0.014454,0.00701636,2.44962,0.789562,2.43155,0.798333
16.2214,0.0127219,-0.0162712,0.52371,0.752463,-0.0101775,0.013017,2.44579,0.783044,2.43307,0.799315
16.2409,0.00911343,-0.0225818,0.532824,0.729881,-0.00729075,0.0180655,2.44218,0.776733,2.43307,0.799315
16.2616,0.00652969,-0.0271864,0.539353,0.702695,-0.00522375,0.0217491,2.4396,0.772129,2.43307,0.799315
16.2854,0.00867107,-0.0228204,0.548024,0.679874,-0.00693686,0.0182563,2.43818,0.769581,2.42951,0.792402
16.3011,0.00593474,-0.0279719,0.553959,0.651903,-0.00474779,0.0223775,2.43545,0.76443,2.42951,0.792402
16.3208,0.00149536,-0.0313619,0.555454,0.620541,-0.00119629,0.0250895,2.43155,0.757298,2.43005,0.788659
16.3409,-0.000945805,-0.0358853,0.554509,0.584655,0.000756644,0.0287082,2.4291,0.752774,2.43005,0.788659
16.3639,-0.00344229,-0.040383,0.551066,0.544272,0.00275383,0.0323064,2.42661,0.748276,2.43005,0.788659
16.3809,-0.00107527,-0.030712,0.549991,0.51356,0.000860214,0.0245696,2.42423,0.744123,2.42531,0.774835
16.4009,-0.00559635,-0.0355554,0.544395,0.478005,0.00447708,0.0284443,2.41988,0.737819,2.42547,0.773375
16.4211,-0.00841017,-0.0396778,0.535984,0.438327,0.00672813,0.0317423,2.41706,0.733697,2.42547,0.773375
16.4431,-0.0124742,-0.0454201,0.52351,0.392907,0.0099794,0.0363361,2.413,0.727955,2.42547,0.773375
16.4611,-0.0137662,-0.0472177,0.509744,0.345689,0.011013,0.0377741,2.41171,0.726157,2.42547,0.773375
16.4809,-0.0163702,-0.0508488,0.493374,0.294841,0.0130962,0.040679,2.4091,0.722526,2.42547,0.773375
16.501,-0.0189025,-0.0542321,0.474471,0.240609,0.015122,0.0433857,2.40657,0.719143,2.42547,0.773375
16.5209,-0.0228476,-0.0591498,0.451624,0.181459,0.0182781,0.0473198,2.40263,0.714225,2.42547,0.773375
16.5409,-0.0111963,-0.0498655,0.440427,0.131593,0.00895708,0.0398924,2.39867,0.709443,2.40987,0.759309
16.5609,-0.0116171,-0.0527146,0.42881,0.0788786,0.00929365,0.0421717,2.3962,0.706548,2.40781,0.759263
16.581,-0.0109271,-0.0522578,0.417883,0.0266208,0.00874171,0.0418063,2.3962,0.706548,2.40712,0.758806
16.6009,-0.0112533,-0.0559691,0.40663,-0.0293483,0.00900261,0.0447753,2.39129,0.700884,2.40254,0.756853
16.6215,-0.0113972,-0.0579788,0.395233,-0.0873271,0.00911777,0.046383,2.38905,0.698323,2.40045,0.756302
16.6409,-0.0140696,-0.0602317,0.381163,-0.147559,0.0112557,0.0481854,2.38638,0.69607,2.40045,0.756302
16.6698,-0.0171276,-0.062267,0.364035,-0.209826,0.0137021,0.0498136,2.38332,0.694035,2.40045,0.756302
16.683,-0.0142386,-0.0620583,0.349797,-0.271884,0.0113908,0.0496466,2.37905,0.69139,2.39328,0.753448
16.7009,-0.0114323,-0.061715,0.338365,-0.333599,0.00914581,0.049372,2.37632,0.689763,2.38776,0.751478
16.7214,-0.0153764,-0.0639266,0.322988,-0.397526,0.0123011,0.0511413,2.37238,0.687551,2.38776,0.751478
16.7409,-0.0135407,-0.0627863,0.309447,-0.460312,0.0108326,0.050229,2.36989,0.686185,2.38343,0.748971
16.7615,-0.0147173,-0.063441,0.29473,-0.523753,0.0117739,0.0507528,2.36872,0.68553,2.38343,0.748971
16.781,-0.0183198,-0.0640197,0.27641,-0.587773,0.0146559,0.0512158,2.36511,0.684951,2.38343,0.748971
16.8009,-0.0205102,-0.0643096,0.2559,-0.652082,0.0164081,0.0514477,2.36292,0.684661,2.38343,0.748971
16.8209,-0.0128292,-0.0620838,0.243071,-0.714166,0.0102634,0.049667,2.36073,0.68444,2.37356,0.746524
16.841,-0.015492,-0.0626496,0.227579,-0.776816,0.0123936,0.0501197,2.35856,0.684392,2.37406,0.747041
16.8609,-0.0186119,-0.062654,0.208967,-0.8,0.0148896,0.0501232,2.35544,0.684387,2.37406,0.747041
16.8809,-0.0206704,-0.0624418,0.188296,-0.8,0.0165364,0.0499534,2.35339,0.6846,2.37406,0.747041
16.9009,-0.0199986,-0.0627453,0.168298,-0.8,0.0159989,0.0501962,2.35014,0.685115,2.37014,0.74786
16.9225,-0.0235932,-0.0620314,0.144705,-0.8,0.0188746,0.0496251,2.3491,0.685296,2.37269,0.747327
16.9409,-0.0286957,-0.0621914,0.116009,-0.8,0.0229565,0.0497531,2.34717,0.685712,2.37587,0.747904
16.9614,-0.0323197,-0.0613504,0.0836892,-0.8,0.0258558,0.0490803,2.34432,0.686337,2.37664,0.747687
16.9809,-0.0362174,-0.0605255,0.0474718,-0.8,0.0289739,0.0484204,2.3418,0.687065,2.37802,0.74759
17.001,-0.0377619,-0.0599527,0.0097099,-0.8,0.0302095,0.0479622,2.34025,0.687637,2.37802,0.74759
17.0211,-0.039446,-0.0597406,-0.0297361,-0.8,0.0315568,0.0477925,2.33949,0.687936,2.37893,0.747676
17.0429,-0.0402543,-0.0594158,-0.0699904,-0.8,0.0322034,0.0475326,2.33868,0.688261,2.37893,0.747676
17.0609,-0.0401983,-0.059965,-0.110189,-0.8,0.0321587,0.047972,2.33587,0.68941,2.37607,0.749375
17.081,-0.0415402,-0.0593848,-0.151729,-0.8,0.0332321,0.0475078,2.33453,0.68999,2.37607,0.749375
17.101,-0.0427429,-0.0604016,-0.194472,-0.8,0.0341943,0.0483213,2.3333,0.690579,2.37605,0.75098
17.1209,-0.0438675,-0.0597228,-0.238339,-0.8,0.035094,0.0477782,2.33218,0.691257,2.37605,0.75098
17.1412,-0.0462094,-0.0579428,-0.284549,-0.8,0.0369675,0.0463543,2.33162,0.691559,2.37783,0.749502
17.161,-0.0534392,-0.0564153,-0.337988,-0.8,0.0427513,0.0451323,2.32866,0.693947,2.3821,0.750362
17.1817,-0.0540045,-0.0559147,-0.391992,-0.8,0.0432036,0.0447317,2.32809,0.694448,2.3821,0.750362
17.2037,-0.0550874,-0.0548498,-0.44708,-0.8,0.0440699,0.0438798,2.32701,0.695513,2.3821,0.750362
17.2209,-0.0556052,-0.0543364,-0.502685,-0.8,0.0444842,0.0434691,2.32649,0.696026,2.3821,0.750362
17.2416,-0.0573399,-0.0521453,-0.560025,-0.8,0.045872,0.0417163,2.32476,0.698217,2.3821,0.750362
17.2631,-0.0588155,-0.0499129,-0.61884,-0.8,0.0470524,0.0399303,2.32328,0.70045,2.3821,0.750362
17.2809,-0.0594926,-0.0488681,-0.678333,-0.8,0.0475941,0.0390945,2.3226,0.701494,2.3821,0.750362
17.3049,-0.0607174,-0.0467619,-0.73905,-0.8,0.0485739,0.0374096,2.32138,0.703601,2.3821,0.750362
17.321,-0.0619321,-0.044611,-0.8,-0.8,0.0495457,0.0356888,2.32017,0.705751,2.3821,0.750362
17.3409,-0.0640517,-0.0405064,-0.8,-0.8,0.0512413,0.0324051,2.31805,0.709856,2.3821,0.750362
17.361,-0.0650046,-0.0384736,-0.8,-0.8,0.0520037,0.0307789,2.31709,0.711889,2.3821,0.750362
17.3817,-0.0659313,-0.0364389,-0.8,-0.8,0.0527451,0.0291511,2.31617,0.713924,2.3821,0.750362
17.4014,-0.0659313,-0.0364389,-0.8,-0.8,0.0527451,0.0291511,2.31617,0.713924,2.3821,0.750362
17.4208,-0.0676441,-0.0325188,-0.8,-0.8,0.0541153,0.026015,2.31445,0.717844,2.3821,0.750362
17.4419,-0.0687757,-0.0295159,-0.8,-0.8,0.0550205,0.0236127,2.31332,0.720847,2.3821,0.750362
17.4609,-0.0691252,-0.0285766,-0.8,-0.8,0.0553002,0.0228613,2.31297,0.721786,2.3821,0.750362
17.4813,-0.0697632,-0.026699,-0.8,-0.8,0.0558106,0.0213592,2.31233,0.723664,2.3821,0.750362
17.501,-0.0705924,-0.0237938,-0.8,-0.8,0.0564739,0.019035,2.31151,0.726569,2.3821,0.750362
17.5221,-0.0709808,-0.022026,-0.8,-0.8,0.0567847,0.0176208,2.31112,0.728337,2.3821,0.750362
17.5409,-0.0714565,-0.0194234,-0.8,-0.8,0.0571652,0.0155387,2.31064,0.730939,2.3821,0.750362
17.5651,-0.0715919,-0.0185195,-0.8,-0.8,0.0572735,0.0148156,2.31051,0.731843,2.3821,0.750362
17.581,-0.0717862,-0.0168205,-0.8,-0.8,0.057429,0.0134564,2.31031,0.733542,2.3821,0.750362
17.6026,-0.0720928,-0.0144073,-0.8,-0.8,0.0576742,0.0115258,2.31,0.735955,2.3821,0.750362
17.6209,-0.0721832,-0.0118818,-0.8,-0.8,0.0577465,0.00950547,2.30991,0.738481,2.3821,0.750362
17.641,-0.0723651,-0.0108131,-0.8,-0.8,0.0578921,0.0086505,2.30973,0.739549,2.3821,0.750362
17.661,-0.0665477,0.00116354,-0.8,-0.798836,0.0532381,-0.00093083,2.3095,0.741609,2.37605,0.740445
17.6813,-0.0667937,0.00423848,-0.8,-0.794598,0.053435,-0.00339079,2.30925,0.744684,2.37605,0.740445
17.7009,-0.0642039,0.008407,-0.8,-0.786191,0.0513631,-0.0067256,2.30915,0.746594,2.37335,0.738187
17.721,-0.0641678,0.0144517,-0.8,-0.771739,0.0513343,-0.0115613,2.3092,0.749416,2.37337,0.734965
17.741,-0.0641059,0.0154128,-0.8,-0.756326,0.0512847,-0.0123302,2.30926,0.750378,2.37337,0.734965
17.7611,-0.0640894,0.0202918,-0.8,-0.736035,0.0512715,-0.0162334,2.30941,0.752207,2.3735,0.731916
17.781,-0.0641576,0.0233975,-0.8,-0.712637,0.051326,-0.018718,2.30934,0.755313,2.3735,0.731916
17.801,-0.0648121,0.0238379,-0.8,-0.688799,0.0518497,-0.0190703,2.30941,0.757398,2.37423,0.73356
17.8209,-0.0658785,0.0284993,-0.8,-0.6603,0.0527028,-0.0227994,2.30959,0.75944,2.37547,0.730941
17.8409,-0.0667951,0.0348467,-0.8,-0.625453,0.0534361,-0.0278773,2.30978,0.761434,2.37658,0.726587
17.8614,-0.0667241,0.0357957,-0.8,-0.589658,0.0533793,-0.0286366,2.30985,0.762383,2.37658,0.726587
17.8809,-0.0662473,0.0393906,-0.8,-0.550267,0.0529978,-0.0315125,2.31033,0.765978,2.37658,0.726587
17.901,-0.0671833,0.0413204,-0.8,-0.508947,0.0537467,-0.0330563,2.31039,0.766668,2.37757,0.725348
17.9209,-0.0668276,0.0434654,-0.8,-0.465481,0.0534621,-0.0347723,2.31074,0.768813,2.37757,0.725348
17.941,-0.0668973,0.0445544,-0.8,-0.420927,0.0535178,-0.0356435,2.31101,0.770179,2.3779,0.725624
17.961,-0.0663959,0.0465953,-0.8,-0.374332,0.0531167,-0.0372763,2.31151,0.772219,2.3779,0.725624
17.9811,-0.0655502,0.0489305,-0.8,-0.325401,0.0524402,-0.0391444,2.31235,0.774555,2.3779,0.725624
18.0009,-0.0667514,0.0477508,-0.8,-0.27765,0.0534011,-0.0382006,2.31296,0.77608,2.37971,0.72833
18.0264,-0.0667514,0.0477508,-0.8,-0.2299,0.0534011,-0.0382006,2.31296,0.77608,2.37971,0.72833
18.041,-0.0658132,0.0503835,-0.8,-0.179516,0.0526505,-0.0403068,2.31386,0.778291,2.37968,0.727907
18.061,-0.0678055,0.0507282,-0.8,-0.128788,0.0542444,-0.0405825,2.31483,0.780558,2.38263,0.72983
18.0809,-0.066976,0.0530464,-0.8,-0.0757414,0.0535808,-0.0424372,2.31565,0.782877,2.38263,0.72983
18.1025,-0.0664717,0.0549715,-0.8,-0.0207698,0.0531774,-0.0439772,2.31591,0.783584,2.38238,0.728613
18.1213,-0.0657925,0.0562749,-0.8,0.0355051,0.052634,-0.0450199,2.31658,0.785081,2.38237,0.728807
18.141,-0.0651805,0.0575349,-0.8,0.0930399,0.0521444,-0.0460279,2.31719,0.786341,2.38237,0.728807
18.1643,-0.0632215,0.0600015,-0.8,0.153041,0.0505772,-0.0480012,2.31771,0.787615,2.38094,0.727613
18.1849,-0.0618402,0.0619132,-0.8,0.214955,0.0494722,-0.0495306,2.31805,0.788297,2.37989,0.726384
18.201,-0.0597051,0.0667582,-0.8,0.281713,0.0477641,-0.0534065,2.3184,0.789074,2.37811,0.722316
18.2214,-0.0579558,0.0712914,-0.8,0.353004,0.0463646,-0.0570331,2.31855,0.789344,2.3765,0.718052
18.2409,-0.0574482,0.0720842,-0.8,0.425088,0.0459586,-0.0576674,2.31906,0.790136,2.3765,0.718052
18.2672,-0.0541719,0.0772413,-0.8,0.50233,0.0433376,-0.061793,2.31936,0.790518,2.37353,0.713277
18.2809,-0.0538653,0.0775376,-0.8,0.579867,0.0430923,-0.0620301,2.31967,0.790815,2.37353,0.713277
18.301,-0.0537781,0.0776267,-0.8,0.657494,0.0430225,-0.0621014,2.31975,0.790904,2.37353,0.713277
18.323,-0.0494436,0.0827667,-0.8,0.740261,0.0395548,-0.0662134,2.32013,0.79115,2.36957,0.708384
18.3409,-0.0491074,0.0828415,-0.8,0.8,0.0392859,-0.0662732,2.32047,0.791225,2.36957,0.708384
18.3609,-0.0486906,0.082829,-0.8,0.8,0.0389525,-0.0662632,2.32088,0.791213,2.36957,0.708384
18.3823,-0.048533,0.0828359,-0.8,0.8,0.0388264,-0.0662687,2.32104,0.79122,2.36957,0.708384
18.401,-0.0484651,0.0829043,-0.8,0.8,0.0387721,-0.0663235,2.32111,0.791288,2.36957,0.708384
18.4209,-0.0482565,0.0829974,-0.8,0.8,0.0386052,-0.0663979,2.32132,0.791381,2.36957,0.708384
18.441,-0.0480099,0.0829473,-0.8,0.8,0.038408,-0.0663578,2.32156,0.791331,2.36957,0.708384
18.4609,-0.0477617,0.0829088,-0.8,0.8,0.0382094,-0.0663271,2.32181,0.791292,2.36957,0.708384
18.4811,-0.0476223,0.082911,-0.8,0.8,0.0380978,-0.0663288,2.32195,0.791295,2.36957,0.708384
18.5062,-0.0474234,0.082868,-0.8,0.8,0.0379387,-0.0662944,2.32215,0.791252,2.36957,0.708384
18.5209,-0.0467807,0.0827567,-0.8,0.8,0.0374245,-0.0662053,2.32279,0.79114,2.36957,0.708384
18.541,-0.0459526,0.0826575,-0.8,0.8,0.0367621,-0.066126,2.32362,0.791041,2.36957,0.708384
18.5617,-0.0454267,0.0825449,-0.8,0.8,0.0363413,-0.0660359,2.32415,0.790929,2.36957,0.708384
18.5859,-0.0450957,0.0824774,-0.8,0.8,0.0360766,-0.0659819,2.32448,0.790861,2.36957,0.708384
18.6008,-0.0441213,0.0822456,-0.8,0.8,0.0352971,-0.0657964,2.32545,0.790629,2.36957,0.708384
18.6209,-0.0430368,0.0820978,-0.8,0.8,0.0344294,-0.0656782,2.32654,0.790481,2.36957,0.708384
18.6409,-0.0428553,0.0823078,-0.8,0.8,0.0342843,-0.0658463,2.32672,0.790691,2.36957,0.708384
18.6609,-0.0428048,0.0824063,-0.8,0.8,0.0342438,-0.0659251,2.32677,0.79079,2.36957,0.708384
18.6809,-0.0426973,0.0825659,-0.8,0.8,0.0341578,-0.0660527,2.32688,0.79095,2.36957,0.708384
18.7009,-0.0424331,0.0828165,-0.8,0.8,0.0339465,-0.0662532,2.32714,0.7912,2.36957,0.708384
18.7218,-0.0422266,0.0829396,-0.8,0.8,0.0337813,-0.0663517,2.32735,0.791323,2.36957,0.708384
18.741,-0.0419646,0.0831158,-0.8,0.8,0.0335717,-0.0664927,2.32761,0.791499,2.36957,0.708384
18.761,-0.0415908,0.0831871,-0.8,0.8,0.0332726,-0.0665497,2.32798,0.791571,2.36957,0.708384
18.7809,-0.0408157,0.0828681,-0.8,0.8,0.0326525,-0.0662945,2.32876,0.791252,2.36957,0.708384
18.801,-0.0402389,0.0826595,-0.8,0.8,0.0321911,-0.0661276,2.32933,0.791043,2.36957,0.708384
18.8261,-0.0395652,0.082478,-0.8,0.8,0.0316521,-0.0659824,2.33001,0.790862,2.36957,0.708384
18.8409,-0.0389033,0.0823463,-0.8,0.8,0.0311226,-0.0658771,2.33067,0.79073,2.36957,0.708384
18.861,-0.0383485,0.0821049,-0.8,0.8,0.0306788,-0.0656839,2.33123,0.790489,2.36957,0.708384
18.8809,-0.0373162,0.0816651,-0.8,0.8,0.0298529,-0.0653321,2.33226,0.790049,2.36957,0.708384
18.9009,-0.0373374,0.0815587,-0.8,0.8,0.0298699,-0.0652469,2.33224,0.789942,2.36957,0.708384
18.921,-0.0373626,0.0814919,-0.8,0.8,0.0298901,-0.0651935,2.33221,0.789876,2.36957,0.708384
18.941,-0.0373052,0.0814458,-0.8,0.8,0.0298441,-0.0651566,2.33227,0.789829,2.36957,0.708384
18.9609,-0.0372441,0.0813307,-0.8,0.8,0.0297953,-0.0650646,2.33233,0.789714,2.36957,0.708384
18.981,-0.0370284,0.0811374,-0.8,0.8,0.0296227,-0.0649099,2.33255,0.789521,2.36957,0.708384
19.0011,-0.036604,0.0809456,-0.8,0.8,0.0292832,-0.0647565,2.33297,0.789329,2.36957,0.708384
19.0209,-0.0365453,0.0808512,-0.8,0.8,0.0292363,-0.064681,2.33303,0.789235,2.36957,0.708384
19.0413,-0.0363124,0.0806356,-0.8,0.8,0.0290499,-0.0645085,2.33326,0.789019,2.36957,0.708384
19.0609,-0.0360466,0.0801904,-0.8,0.8,0.0288373,-0.0641524,2.33353,0.788574,2.36957,0.708384
19.0814,-0.0357068,0.0788905,-0.8,0.8,0.0285655,-0.0631124,2.33387,0.787274,2.36957,0.708384
19.1014,-0.0354682,0.0782988,-0.8,0.8,0.0283745,-0.062639,2.33411,0.786682,2.36957,0.708384
19.1213,-0.0352724,0.077968,-0.8,0.8,0.0282179,-0.0623744,2.3343,0.786352,2.36957,0.708384
19.144,-0.0348824,0.0772522,-0.8,0.8,0.0279059,-0.0618017,2.33469,0.785636,2.36957,0.708384
19.161,-0.0353721,0.0766791,-0.8,0.8,0.0282977,-0.0613433,2.3342,0.785063,2.36957,0.708384
19.1945,-0.0355988,0.0763543,-0.8,0.8,0.0284791,-0.0610834,2.33397,0.784738,2.36957,0.708384
19.2012,-0.035735,0.075989,-0.8,0.8,0.028588,-0.0607912,2.33384,0.784373,2.36957,0.708384
19.221,-0.0358141,0.0757358,-0.8,0.8,0.0286513,-0.0605886,2.33376,0.784119,2.36957,0.708384
19.241,-0.0360578,0.075387,-0.8,0.8,0.0288462,-0.0603096,2.33352,0.783771,2.36957,0.708384
19.261,-0.0363095,0.074177,-0.8,0.8,0.0290476,-0.0593416,2.33326,0.782561,2.36957,0.708384
19.2814,-0.036418,0.0737737,-0.8,0.8,0.0291344,-0.0590189,2.33316,0.782157,2.36957,0.708384
19.3008,-0.0365723,0.0729547,-0.8,0.8,0.0292578,-0.0583638,2.333,0.781338,2.36957,0.708384
19.3225,-0.0366708,0.0721571,-0.8,0.8,0.0293366,-0.0577256,2.3329,0.780541,2.36957,0.708384
19.341,-0.036871,0.0709871,-0.8,0.8,0.0294968,-0.0567897,2.3327,0.779371,2.36957,0.708384
19.3677,-0.0370506,0.0698613,-0.8,0.8,0.0296404,-0.0558891,2.33252,0.778245,2.36957,0.708384
19.3809,-0.0372379,0.0694222,-0.8,0.8,0.0297904,-0.0555378,2.33234,0.777806,2.36957,0.708384
19.4009,-0.0373657,0.0692913,-0.8,0.8,0.0298926,-0.055433,2.33221,0.777675,2.36957,0.708384
19.4209,-0.0377069,0.0690201,-0.8,0.8,0.0301655,-0.0552161,2.33187,0.777404,2.36957,0.708384
19.4423,-0.0378266,0.0688826,-0.8,0.8,0.0302613,-0.0551061,2.33175,0.777266,2.36957,0.708384
19.4609,-0.0382195,0.0685511,-0.8,0.8,0.0305756,-0.0548409,2.33135,0.776935,2.36957,0.708384
19.4836,-0.038272,0.0684258,-0.8,0.8,0.0306176,-0.0547406,2.3313,0.776809,2.36957,0.708384
19.501,-0.0384141,0.0682411,-0.8,0.8,0.0307313,-0.0545929,2.33116,0.776625,2.36957,0.708384
19.5209,-0.0389515,0.0682972,-0.8,0.8,0.0311612,-0.0546378,2.33062,0.776681,2.36957,0.708384
19.5409,-0.0394095,0.0685234,-0.8,0.8,0.0315276,-0.0548187,2.33016,0.776907,2.36957,0.708384
19.561,-0.0395513,0.068564,-0.8,0.8,0.0316411,-0.0548512,2.33002,0.776948,2.36957,0.708384
19.5809,-0.0399221,0.0686806,-0.8,0.8,0.0319377,-0.0549445,2.32965,0.777064,2.36957,0.708384
19.601,-0.0400174,0.0686856,-0.8,0.8,0.0320139,-0.0549484,2.32956,0.777069,2.36957,0.708384
19.6211,-0.0402616,0.068599,-0.8,0.8,0.0322093,-0.0548792,2.32931,0.776983,2.36957,0.708384
19.6429,-0.0405949,0.068624,-0.8,0.8,0.0324759,-0.0548992,2.32898,0.777008,2.36957,0.708384
19.6681,-0.0407649,0.068594,-0.8,0.8,0.0326119,-0.0548752,2.32881,0.776978,2.36957,0.708384
19.681,-0.0410062,0.0685611,-0.8,0.8,0.0328049,-0.0548489,2.32857,0.776945,2.36957,0.708384
19.7011,-0.0413023,0.0684748,-0.8,0.8,0.0330418,-0.0547798,2.32827,0.776858,2.36957,0.708384
19.7209,-0.0417734,0.068367,-0.8,0.8,0.0334187,-0.0546936,2.3278,0.776751,2.36957,0.708384
19.7412,-0.0419396,0.0683571,-0.8,0.8,0.0335517,-0.0546857,2.32763,0.776741,2.36957,0.708384
19.761,-0.0417288,0.0679918,-0.8,0.8,0.033383,-0.0543935,2.32784,0.776375,2.36957,0.708384
19.7808,-0.0412698,0.0673071,-0.8,0.8,0.0330159,-0.0538457,2.3283,0.775691,2.36957,0.708384
19.8009,-0.0405882,0.0662573,-0.8,0.8,0.0324706,-0.0530059,2.32899,0.774641,2.36957,0.708384
19.8209,-0.039918,0.0654527,-0.8,0.8,0.0319344,-0.0523622,2.32966,0.773836,2.36957,0.708384
19.8409,-0.0397511,0.0651635,-0.8,0.8,0.0318009,-0.0521308,2.32982,0.773547,2.36957,0.708384
19.861,-0.0393859,0.0646937,-0.8,0.8,0.0315087,-0.0517549,2.33019,0.773077,2.36957,0.708384
19.8809,-0.0389939,0.0638997,-0.8,0.8,0.0311951,-0.0511198,2.33058,0.772283,2.36957,0.708384
19.901,-0.0391029,0.063392,-0.8,0.8,0.0312823,-0.0507136,2.33047,0.771776,2.36957,0.708384
19.921,-0.0392905,0.0625428,-0.8,0.8,0.0314324,-0.0500342,2.33028,0.770926,2.36957,0.708384
